<?xml version="1.0" encoding="UTF-8" standalone="no"?>
<BlockMap xmlns="http://schemas.microsoft.com/appx/2010/blockmap" xmlns:b4="http://schemas.microsoft.com/appx/2021/blockmap" IgnorableNamespaces="b4" HashMethod="http://www.w3.org/2001/04/xmlenc#sha256"><File Name="Assets\Square150x150Logo.png" Size="3636" LfhSize="58"><Block Hash="M8NIgUWs0mZ3Ui4aoZPqIgGbpSE5OAk1W2iw5oj3ggc="/></File><File Name="Assets\Square44x44Logo.png" Size="3636" LfhSize="56"><Block Hash="M8NIgUWs0mZ3Ui4aoZPqIgGbpSE5OAk1W2iw5oj3ggc="/></File><File Name="Assets\StoreLogo.png" Size="3636" LfhSize="50"><Block Hash="M8NIgUWs0mZ3Ui4aoZPqIgGbpSE5OAk1W2iw5oj3ggc="/></File><File Name="Control.exe" Size="10277505" LfhSize="41"><Block Hash="UKw1MzaZDUUXGCZj0FBqMsnMZB+DAsYuDcJlljgd+VE=" Size="35524"/><Block Hash="csIWUQzpUJTz3LeNh6HweBvZ/d5lxakS4Qvb/O0LShc=" Size="35003"/><Block Hash="M8Dlw7Jq37bODXZVhySobLt15yJIl4uWa9RqY6smiq4=" Size="36227"/><Block Hash="sMs8FwbZ7X+zqeRrOA4kvMryoqM3mDkyXSPENfnSJcM=" Size="34579"/><Block Hash="hh4ZKjgCrnrby1PtisHqUO/bz7At3aeEJ6QuWq9RmY0=" Size="51509"/><Block Hash="FurVsfs8Kul77hWUqlAv+K53WVKIkBv1m3zo/UQLsmY=" Size="59998"/><Block Hash="rWvZ+rpMoKWNzLmw2e6aCLUkfI/CtjBPaer6D7fEU2Y=" Size="65555"/><Block Hash="/MCb7Sjf0VAozijHX7k8XD5AGLTKNl6VE0H8rFds+Hg=" Size="65561"/><Block Hash="tV54EvaUjcsJnhzzbzDCDlu+iFVmxokYMFnHB3HWqVg=" Size="65550"/><Block Hash="bZtSw9ddVVymfXyHJfB/my8OM2UjRS01m4fssKV8ctU=" Size="65561"/><Block Hash="7G9fFDqo96wynwqF+XvyLuEeGw7HGk1kEFuqc81/cm0=" Size="65529"/><Block Hash="CilqQzG8xeh8GWIDUTeNrZvZGa/I4PHcUryqvJIKcZY=" Size="65561"/><Block Hash="tm8BTabbY05Enw/aQeRoSWBleehfRN482JV5j+tRKPE=" Size="65268"/><Block Hash="bJjRVgqW6nh35EFQNNUyK0hnsV8vuUaDilgKuwZm9Dw=" Size="61683"/><Block Hash="0qE+bvqAyzH8YPphyAwFjt2wTrEwYsRgKQf1yZwLN1g=" Size="63945"/><Block Hash="8Nx3sUkuTeJLrva4Lt/CEE3b//17zFiIOrCEcXrxNmY=" Size="64206"/><Block Hash="HlSsdwRPcCm1YFahNvLYQlRLg66jPcBiNeW00UzgUwc=" Size="63507"/><Block Hash="mwqF60SPzdvcJ6vk+HiyYWjqL1nexBYhlnXaGEUw9bQ=" Size="61570"/><Block Hash="h+VecF9k6a/rPoB31d8GS27Ve7GrLuYKiMgVK+GDUTA=" Size="63068"/><Block Hash="BbeGQpacNMbUS5ybfd1XHXLHDhba7+fWyvdcVnjHc0A=" Size="63615"/><Block Hash="oZHIBHeaYqrjaZViFgnZUtd/JKjq9GrsYjstLEYuehU=" Size="63489"/><Block Hash="maugOj0FUYoTwgtgTykAj/g1f99p0yyXojaG7K8m/Oc=" Size="64086"/><Block Hash="zy1V1L0vCBGGIcFgXMgLB1CpKY70zAHeE8eQxqSXco0=" Size="64462"/><Block Hash="D6u/0L3JBz7BGudGySX7c0jl92QkT4HFMG9g7l2NZqY=" Size="60268"/><Block Hash="dY6TBt8LPNUOkKrmH4twQymtnDkCbv/A/8JccZur/qA=" Size="63652"/><Block Hash="M8tWSbhANDWwi2yeU60nz0lC0M3gMUJvUoiPXOfqNMQ=" Size="65561"/><Block Hash="SVGdjmtuwoowEyJRGtxBxxxFCG2E+fDf8foOX1QzYxw=" Size="65458"/><Block Hash="fJP5DzKW91vdI85xsA7tghAIoNOJrAnY2SuN1Ht/5Zw=" Size="65561"/><Block Hash="ul52HbUoMQTNu4jiHakM1XEG3InRY7npRIb4RCpFMd0=" Size="65561"/><Block Hash="t5fEW8xamuArNoAhxm5bqnf6VcSj0rVKlh/+KZJPXIk=" Size="65561"/><Block Hash="07fDs8Ep71EN1Hd/HKL4GG7i18imcO1fLGX0J8sY0Lc=" Size="65326"/><Block Hash="jbizAJj7/KUaSJmXq91/71RXdkeaBDnZZOoRNi2dZOo=" Size="65561"/><Block Hash="ua8fVfzE8lYiaM4LmYxiIFQmYKr/5abMGiheKz/H/ZE=" Size="65561"/><Block Hash="+Cufg6TmWQvatu+A2Ho1DcDruFnlNgDU/Ny05k4Tgmo=" Size="64505"/><Block Hash="js4pKkYNwSaXt3IAl3wYOssTr0IgrKzikRhqpM79iTo=" Size="61296"/><Block Hash="kxsadSINAdVA76jzY9GivLTxSs2RDbwPKE6NG9sX4Lw=" Size="65353"/><Block Hash="ZfHyxNLCNSHERko9ywpD4nmTMhyGsdokikdYgGXJ8Y8=" Size="65506"/><Block Hash="kBaDgP6613DU3JRRsuUaX4xvi+g3dBMWLKPZss0/d8c=" Size="65561"/><Block Hash="mJPiDX7dlxNlLGybMTXVvQYJK7YADvL1rcGoIwK8HS4=" Size="65561"/><Block Hash="Sj9LSS4grrQtZRGhc6cRWR0B21ohWOUB7h2rbICPwqM=" Size="64897"/><Block Hash="j9YslcB2YtCYR8RdMcJDZHjAzcLq/ubujMZcsPicv9U=" Size="65561"/><Block Hash="1QCkLaJONtDHHOVRFdUzWF71kzVK5mMoxf/oOilN+A4=" Size="65561"/><Block Hash="j6rOUTpavIjCV+r0eFCKZKvaQVK0EQP14S7Addf6xjo=" Size="65561"/><Block Hash="HsuByxwl/sg5OrzQD9ik4eRwQSA/Q+ttFs4H2W3KZWs=" Size="65561"/><Block Hash="pumQdHVHj30NPpePTs1vIST3Wj6X8VfGXgEQ1hnb4po=" Size="65561"/><Block Hash="wGYXOGGMMv6cRkxuQMXK9/lAxtmhPgzLDaY4D8nLl/M=" Size="65561"/><Block Hash="3hwdrL4R6MVlctAmAiOlymyMAB4TXYu0+OiL5CEHNaQ=" Size="65555"/><Block Hash="HTGRLRc3D8P+0VlWeJQBVZU3iPkLPlRhrR6od0kOC8o=" Size="65561"/><Block Hash="vUryc9/J5UPbr/p+G8rlMh5PDHzOEgKIdcOe7xg+Kus=" Size="65561"/><Block Hash="AIxQIskgODzYwxvwtuaId6+9d8g0bTROnLkYbgvAcWw=" Size="65561"/><Block Hash="BwoR9vveBz2NkCTSnXp+eSkAEch/IuvGJckgVyehA3k=" Size="65561"/><Block Hash="3Wzgqx9SENaZ+ioWiez0vrk2kBNJ3BwBOoR0/O0/wbM=" Size="65561"/><Block Hash="MAl3U+fU8/zHd+oaZ77xjqgTI50OLeqkz5CH4/4bq1g=" Size="65561"/><Block Hash="G+0lI669oMRbgyJe8ExNN7qs3/XURXSte7mRDWttxwU=" Size="65561"/><Block Hash="CD9Vfuw5+GWzUVtU/y/Lg7AW43D0C+MF4Zo+sQIoiSk=" Size="65520"/><Block Hash="OlHsuM28jxHdH1nMq/LcJ9fsgc9DecypvnyfHjk3vvE=" Size="65529"/><Block Hash="sSxjaywRFjvHcCzO+xepcYVM1CiYCN8M/uIdJ1AwpYU=" Size="65385"/><Block Hash="8CZwTHOyQpOdruoy3NpEzk1/+4KMixYX6RXyIDMv2gE=" Size="65532"/><Block Hash="v/Ik2kpqI25p+hRcfNVwD1mEkoJlrC+kValOLNs429Y=" Size="64924"/><Block Hash="ZSJsGAeKo7sOYy59q7KF290abrtaXjnPySbq7vq3LhQ=" Size="64616"/><Block Hash="Rg9pILZovzU7pw+GMdMym1itYjoRQqPo7GeJxZuDBmo=" Size="65236"/><Block Hash="EAuxJoNo3fjJF3wmWc5u6VaNgmJfC6q1bRsJQVeN3V0=" Size="65088"/><Block Hash="Fc+3xy7yhynRAh8jo7pTJfSjzHEMd+oarg6AlmJk+vc=" Size="64853"/><Block Hash="KaFmrzwqJ5EydzCaXF1BWihLUZhj4rNjcoA3FKCzdfk=" Size="65012"/><Block Hash="N6BAizWHTtc9PRdkR4xrVp0L1Qc7giVQk/gF64jH7Q4=" Size="65561"/><Block Hash="nBVsptqymo+N+zoSol/n02ULqwsaGocaPCsId+/fsSg=" Size="65561"/><Block Hash="z6tZorma7IHw+a1tw2+cCajI1E3jT3hVwbRJs70S8HY=" Size="65561"/><Block Hash="LIH3nQVjVEOQirXJr6zC9QLfH0ryrydzKQaCdGqxiVo=" Size="65561"/><Block Hash="bvpQAC2ArgB/py5elfV063vJYg9kK+5ELbAynFl2VWw=" Size="65561"/><Block Hash="VsiSS8oSBOYXzdYNGkwMTG9yVknbHYY0efum2URInmQ=" Size="65561"/><Block Hash="BEyA5TJlSDV8CLUppgWKfJ4h1es7WuWlgzSHYnTripE=" Size="65561"/><Block Hash="jJ8VN5Y/u1KLdCZ53fRfquTSqyQfeKISYYURTxM28MY=" Size="65561"/><Block Hash="YI8JdhTj8ZyqzE0f/C+cR7838WJjcm0KnUIvJrnLE1o=" Size="65561"/><Block Hash="5+rdFPbeKYgbsAx4DmSo73bAHokSX3CxB5jTh+G13K4=" Size="65561"/><Block Hash="arbMpipnVfZbvyr+9Pxs3kllYAeJcYek72BovrO3IZ0=" Size="65561"/><Block Hash="njM1lOzRqTuqV0wkmZTMT5HOA5B47+6WDxedneTLmVY=" Size="65561"/><Block Hash="7knwOXmr56TRN3wcKGoWBwKEtJVHX45OqwfL45an/OM=" Size="65296"/><Block Hash="q3gxptAd/Kf3ABUJjr15slkv3VQs1E0i3Pbpeg4cWDI=" Size="65561"/><Block Hash="UrvMCR5t4gJ+7TX0CrqKy0Xwi4yYsO5ixVaJ3CvFO4E=" Size="65561"/><Block Hash="Op3vUV68cOYS0hvbH68EwrE9PLVm7zA2slBLauTRT6A=" Size="65561"/><Block Hash="wRN62Xb/DJ69OU1RlvdZ3LYQIu7iiuFqWCa/anINbs8=" Size="65561"/><Block Hash="QOKd1eDFs8q95YDt/SzefXT7C5/RFUGRPWhbcq4Ghic=" Size="65561"/><Block Hash="Q2LrapdfFl9LkMhk8ZKdN1vKTyajcZuAFKfw2yVVt4A=" Size="65561"/><Block Hash="xxxyEwJ/0Izb6UanUATuyoMBCW0LMSTvOXL9ZpTDfIg=" Size="65561"/><Block Hash="WWUy1n1xywItMVc6nqISxY5BCsK153hDc01U/+GJD2o=" Size="65561"/><Block Hash="XYpKkpTUzANWk6JpwvsqmdJOUYyG4YiWc8h2bs++maE=" Size="65561"/><Block Hash="571A0RUwqiWOu2GbnM9X4ENGmUo7lGBoBlxONz2MspQ=" Size="65561"/><Block Hash="hVImy/Q5KA9KhU3VPVoqyc8BQPJ6dtCNmH/p8nRheZg=" Size="64290"/><Block Hash="upO/9wLpnSGh8X1nAQC6mLovtX2CL1zp1B+5skdD4oM=" Size="65242"/><Block Hash="gM/+gTQcssABJvUbk2nyFxkd+WT3ZU5wb5/yvIoKWA4=" Size="65561"/><Block Hash="jwvZVpdokHtts8QOaVGo9YoAR0VV9SRYXA/tAOxa1YM=" Size="65561"/><Block Hash="sGJjB3wigcVRgDPm4yj+n5jXeEBwj5AsAm4DZ2b0thM=" Size="65126"/><Block Hash="S65JNCucyZ4wpLmHUgL1PgWK4+pyvaCpHTxuNMMi7sY=" Size="65561"/><Block Hash="ze5ALoGrSK8WAhi9VdgH5RJ7P325kMKUbdu3LTDXjno=" Size="65501"/><Block Hash="N6okAzkZPFhG0StLGSFnIsjB6F1MLYhtJMxFrMUgGow=" Size="65561"/><Block Hash="AwjroTK3Xt/S6vVJBUVug8yaaK3emkCYLPW0WG8BRb0=" Size="65561"/><Block Hash="acc1CsDiEx9HpaJ8KLMbmn08BsOLPDTivjlNtdQSA6g=" Size="65408"/><Block Hash="yjg5mKiH1BjjpELk6L6+iOkj2vWF29Ut0yzNcy8Yosg=" Size="65561"/><Block Hash="xKNfI6TJOeilze7SUgF9cvIQYV9TtBjtJ4/52jUHDSM=" Size="65530"/><Block Hash="8wNXs4LfKITXM/FjAbgXvrxwP540TCKwoSRt5hhPG6k=" Size="64145"/><Block Hash="3H7YEZC2JzlFW+67mqoCYsw5CGy69NO/SJx0MsKKlIc=" Size="64568"/><Block Hash="AzEbWrGvkeW1nJBzP3hw79Yw4z120k4sAQ+rrwj5Uik=" Size="64191"/><Block Hash="ZGiVxexVvpzts2+lIBRTbhSEy9RQSjS3pDiC6LjRr9w=" Size="65561"/><Block Hash="AujLpmBzG9rX84bpSZE3Hdz8eKIE4KSNhJvzj1z01zQ=" Size="65561"/><Block Hash="5Va46NvDtNWd+z9UOlX+pUd4iaHSgXLjOUXt7QaqWHA=" Size="65561"/><Block Hash="YN3rxkrtIIn3wmNDzlw0MIJJjmkHVvApZ6kI3u8ub1A=" Size="65561"/><Block Hash="B2q9sEhW5w2dCf12mqqhTN30K09ronRbt84vbRXS64E=" Size="65561"/><Block Hash="bj1xXD49SCk/MSZ6Y5x+7KJ8oyT84O7puo+4XLjWsOc=" Size="65561"/><Block Hash="LbXVjIIuszjvzNiF72pyS/27OB6qHUJn6EpH9YILtBs=" Size="65561"/><Block Hash="bm/iANwHqyrtifVzTttj7/tH0OWr2ApQsOkTJrhcdlM=" Size="65500"/><Block Hash="IRubF6Q22LD/LMgomfMdSA1ftZJ9Fd1kwrlaRU7zu8I=" Size="65561"/><Block Hash="HsccD+uyrA941KhZk2XvK356eLr2oyGOsSFO5aSPQck=" Size="65561"/><Block Hash="NmYM/vowaB02zo2BvSiRJAkRFhP6sqKRqgKiPlXAftE=" Size="65561"/><Block Hash="AHC4zKwexDq9Fwz3B6tnovfdw7ZcJf2ScxYpsZeY0Lw=" Size="65534"/><Block Hash="TUP67y0QSUPhnuOVST/jew9OEPVTenSvGGUTCTbkNwE=" Size="65337"/><Block Hash="/tf6OdA0tciYjqiKUpWK7NDbVDaeXx1bz0OHKrSjxUA=" Size="65286"/><Block Hash="s47Y0cKlouthURPIMF37Ho3jzFxtCEAPpIxk/cjkaCE=" Size="65561"/><Block Hash="KahUK2IdNl4hG6YcCnO6bPL1Xyrl4DE6A0pow1j7n8k=" Size="65561"/><Block Hash="Vw9c2oagshY/K5szwrgS/8af+zsHsq/7xuAragk+pvE=" Size="65561"/><Block Hash="IOh/xAMCYh5beC3vVDgbX3+K34UHFnuG8mhzmmm4wmY=" Size="65561"/><Block Hash="BgHehGXNNz5xp6ImtKeWpY/gFv+GLUCwwliqJhbQ5Qo=" Size="65561"/><Block Hash="N+0HOuOtNf7p3aPrkGZx53N1nP2ikhgZbGvvqJhEkVg=" Size="65561"/><Block Hash="G1fAP+HaiKGbbmFdpUb6KEUql+zA9M5zXsKLlZFpAVg=" Size="65561"/><Block Hash="ZZqVcTqFIeQTRLorC4ygFnCV/2ksMOPE5jGqEAF0geM=" Size="65561"/><Block Hash="1wFcdvbgwZtkZnfmXyLvN8c3a1IFuYKVIOANBqOS5Bc=" Size="65561"/><Block Hash="arbL69IGONar3fhg9cML+qrXbQv/e7Y7LJ44FQKw7hY=" Size="65066"/><Block Hash="M/B8B2SaxcC5gqy79Z0aCLBiQCFFrplGbvxvocFCPsU=" Size="65350"/><Block Hash="hmWw4roRbC82coc0tFwBbRPomNJVJxQvP6J38dqK2Ds=" Size="64811"/><Block Hash="hVME/CGAL0re8EUhu1Zt4q2B46Te1H2bh1zgtqiynSc=" Size="65484"/><Block Hash="hngKCyn4cKKtWFRHmdFjyEz2AvIDokwzH2ta0Yy6DNI=" Size="65561"/><Block Hash="STzdIqQglKeEcw8aRpOAb3qTneuqtF5TGVccFmJCoj4=" Size="65558"/><Block Hash="iFFyaHKCEE/CWbwZsW5JoN9juIzaK5TSXhNNaQGRfsU=" Size="62844"/><Block Hash="DDnu/IeeySUFy86EuunjmVAkd+HFQN6ffbY0cNZHnY4=" Size="65064"/><Block Hash="tZwu2FXYZtraSYMfuNaWSdUTZss37cCu0MfFMwNmrsw=" Size="65561"/><Block Hash="uOzOuou0/vzROMF5uKzXY0yxYLXzm5XIc5BOQHycLbo=" Size="65561"/><Block Hash="iCps7Ri6sgbIXDM6bh6nIieF4J/w+w4Kr1bTyD20e44=" Size="65561"/><Block Hash="MOoUn1KAS8hgwZyWMw/4gHsBjBkZDQuKb0DmHF6ejrQ=" Size="65561"/><Block Hash="O+xVT8dMDWZ/4OJOlKcSt1oIE0HJEBZAvzlGNVO/ONY=" Size="65561"/><Block Hash="csKcErpI18e1UDy9p4VUB8lRFrTYaQNgEpKRbfxXmtc=" Size="65561"/><Block Hash="8kKYyCwi7H45Eg9p+kDHJhKUL6FlIufJFKdI9y/3qps=" Size="65561"/><Block Hash="VTwgQpGBjB+9hKv9wxLjXPuiTJ63ItM3PYdbMCTS6LE=" Size="65561"/><Block Hash="FMh1KctKcTh+caJMrLfEdeKSFjONUXxLxBdiWZ1TA54=" Size="65561"/><Block Hash="wQ20GYMdqsktBM+v4Ays9iyGNNIO9JY1gMRNywSMN90=" Size="65561"/><Block Hash="FwCMcPIRL2tK/5DiaPUMf0VApPUNcG32ERggMSQhNAY=" Size="65561"/><Block Hash="AF925iZvTmY36lpgxAFO9VMy/2HzrUrLjwBkn0qcYAI=" Size="65561"/><Block Hash="dnBDtn8LpbvC9KVPZib2xXzANMGc+Jr4x05AbfxGSXg=" Size="65561"/><Block Hash="TLbwReE7u33QlXX4pATQ7UezSHGxPNRJEwPfT6bFO3s=" Size="65561"/><Block Hash="MHdl7v7q4kmZJmXAUa0mkt8uiLzzAknswgYAS8hJR2I=" Size="65561"/><Block Hash="A4StZtibhuSaw8WFWHwIBw7JdwpWM0FTXX/8EdWnG3M=" Size="65561"/><Block Hash="SchR/UK3888O/NdeK8YS6jPOQzr6RGiWQnAkR+/Thts=" Size="65552"/><Block Hash="AfdEIWXJ2Nx+kcpJzw9xpe2n0GKHWr/lYxLoH0XtXVM=" Size="65276"/><Block Hash="Hi67bYSx0rZVu4+0t5+f6PRiyNtz7vpC54rUYzit4iM=" Size="65561"/><Block Hash="+cydNf5Owe6BagJOL8oCYn/EG+CJTI18cZXUEiEYbsU=" Size="65561"/><Block Hash="ojGAO8Jd2WG2pneaC47UlMT7WX+fhvVEaUfRZ90CCf4=" Size="65561"/><Block Hash="SqDi4LZOLXWG5mUdpsfF7oR+9lwfW90z+/uthwx8EbM=" Size="65561"/><Block Hash="XXmYvzG7TUcL4dMQwfyqmoAClYHD2A324Iy320Ptx2I=" Size="64048"/><Block Hash="+LIhtA4ZdT24RUPoVJ3VN1mtASn6jypT0bccDLMNojc=" Size="15251"/><b4:FileHash Hash="DGcD/0664+u6mS5Ob1TBCkuvIubTbpz+8pW73KNjP28="/></File><File Name="Registry.dat" Size="40960" LfhSize="42"><Block Hash="JabD1/aquE48yggi4YJMLvSrycjbWCHnNupPSzeGtMU=" Size="13461"/></File><File Name="Resources.pri" Size="888" LfhSize="43"><Block Hash="vi7kuu3xyA3ts6Oiqsf0adG97qUIVJ4/5ZAaooXf8R8=" Size="373"/></File><File Name="User.dat" Size="20480" LfhSize="38"><Block Hash="cKbgX06BrgaTCBg3BX5vWQ/wNAz1WPgeFl4Vi8p/yKo=" Size="4156"/></File><File Name="UserClasses.dat" Size="12288" LfhSize="45"><Block Hash="IdqiRsrYZoGz2uDeJKfDVc07kR+hpYLwkB6R4hrzE68=" Size="1642"/></File><File Name="Worker.exe" Size="8057719" LfhSize="40"><Block Hash="F7/69sIriTw7CrpqQjr+fiMDJU9P1TYacT1wnhNYmwI=" Size="35569"/><Block Hash="ipcS/QszZ5J1ZeG6ASIKoKVEXZd1r5Sj7DfQ9sCA1R8=" Size="33389"/><Block Hash="mw/fVLSWQRfv94qeDbhOisU3aaGGUkr7ZDOMNFMRPx0=" Size="36140"/><Block Hash="e4Ur0YSZWgFpoCfi2DxK7WU1qcRnh4PB2IMYnAo/I3M=" Size="35735"/><Block Hash="OinNq8fk76rEyfiq0KwTTMqfJL75rsQAkC0Y2a/6WxY=" Size="50289"/><Block Hash="70jfiz5KAyL1arknZwfHooloz1qREpDXYVuH24fe0SE=" Size="57945"/><Block Hash="FQ+chUR0rfas0iBVaPfqvs7gZUwLr2JiPEwX1OJlYYc=" Size="65549"/><Block Hash="zlGsaYFiQs9fv556Ib3t9RUnUql1DZ4wDjCVZ/i5DpA=" Size="65561"/><Block Hash="yYDCMdS84woQLRmMTNv6YTSCiz3tGUgRp6w/NLvZwtQ=" Size="65561"/><Block Hash="Xkn6EaR/zqrZD0h3+H/1kKZjLQvviZtTxvhWy0Tnvgo=" Size="65561"/><Block Hash="lMaPpu30KL48CZt0LHzrpch5WTCXwJJdYiXqyCK+75U=" Size="65522"/><Block Hash="8Op945yd9/chR/BjpLFzsC9f52S6Ai1KS0HGMFrpWh8=" Size="65524"/><Block Hash="T5eAy+t39xTqwVMjbNHbKoLmVx69olNjPWyp2y8OXL4=" Size="65373"/><Block Hash="GxCvH1qYKjwwFjHDMS3vjVcT/jGgZQRSU6vGN9gnE68=" Size="65295"/><Block Hash="GvFjI9/7vcTygybk94XaI0mdBc16hz5YgRtpJ1KpSLg=" Size="65390"/><Block Hash="hFnDQc1ob8iOSjISxZcio2iJKLCHdhXpJUKRsG7zl5A=" Size="65389"/><Block Hash="BpyLhfnpPS9zpS07mL2ypDVEDTnFFFBQR0FcZPTjbCA=" Size="65532"/><Block Hash="h+xBiwlh0AYx0vlfnfK6x3EdTSx11a3226NjWynwQpw=" Size="65561"/><Block Hash="c/7jYEupGl5/5o6SiSn9HnINVEJXlc/xSUF7Y5sr5pc=" Size="65561"/><Block Hash="ApJS/GLj3oKcJ3Wf+jNERPKBclyK30amQko7z//AeWk=" Size="65276"/><Block Hash="pqEtRZV6VgD8VnGHeMQAi/qGq07rPTOPVq/CjLuBo44=" Size="60326"/><Block Hash="dUhxKHlH2QAUTPuAKOFZym0xdOeaVKAOmFBKsW3q2e4=" Size="65321"/><Block Hash="zg+p2e+j9f+9eyTFV1m/u4QtuILYpUAjSWzV6m2q2/Y=" Size="65561"/><Block Hash="Me5NHNGTqmzc+syKhDp1qG81bbxOuro7+tll4piGYmA=" Size="65319"/><Block Hash="+/QAgTkpmwLjXHyRbmitnhQOL2mmz403OI5ISDJh6Ps=" Size="65561"/><Block Hash="d4wfN4epI+hKC9zrz5/D4L1UFR4H/iqlDF4P6TGv4hQ=" Size="65561"/><Block Hash="/nr7fqfEihUcZ3OYpCR3vNo0OpFBP2sriMPCY5p2WS4=" Size="65219"/><Block Hash="6TmuPJVZxBupsxr3ZJCpCMIYHsUJB6iG+jEJyg+jgPI=" Size="65272"/><Block Hash="6CAzWsd2NeZPDAwY2zaaPxOLL5/JHp8ouYBrIII+bqc=" Size="65561"/><Block Hash="Bs/kq7PFHuTSv3xLp0LAJGBm/u38CswuPS1JnjikzJk=" Size="65561"/><Block Hash="5ELC9lccXt+R9pdRm4rk6VWEuF+6Xbqp+7kbQy9uc18=" Size="65561"/><Block Hash="7PhFGSLEgXz+tVLKr/tk3XM9nUHW5JF3fqoh/Ghm81I=" Size="65561"/><Block Hash="BvM3vV0EEu3sc3o95zg7ltPLBRyf1dP93NpMDtTqnpM=" Size="65561"/><Block Hash="QPd055LFiAYwuuqMY8l0JD8UuBPzTeTN3r/jmaT7drM=" Size="65551"/><Block Hash="oIGMebN8hrkaM3BEIpdvjNyszncUmugQ6iR+jHzbbFI=" Size="65561"/><Block Hash="owk5X5cDLUxyeQph7yohTvjVyd9TaolalOafo0JmTGA=" Size="65561"/><Block Hash="p1jPAFJ34iIVkF3lexIOkplcHwrNHcw3v9sOqW5W63M=" Size="65561"/><Block Hash="nET4tsNgQR8EECf330ByekcfmFyu1tOgflhsb4KThzc=" Size="65561"/><Block Hash="AGtqzHE/22O1QOS063MLdvWWCTkV2VlMJ+S+veYR73Q=" Size="65561"/><Block Hash="x0nYmVc7zdPUwopx+UySD6pwyVHhgsNWjzL8xeQVz/0=" Size="65561"/><Block Hash="aOxwJeiaZ62II7754bFbasRIBI7cHzDHuUXkKBQm0sA=" Size="65561"/><Block Hash="zN6v8esgQ3UftlDSYFdxT1GM7q4WNv7ihlzkkxqiS8Q=" Size="65530"/><Block Hash="rTRamCr7B2q+hDUEV/Lt2Z7pSpUPZSrSqt2fp5cLeLA=" Size="65514"/><Block Hash="C8+XG7qy0d8S3bEIOW5b0VW+3CyBXIUatmcbraugBxE=" Size="65561"/><Block Hash="u71Su/ftYNP9SI56WxUHdtLuGFIjEOLVt8hrXvOP1+I=" Size="65317"/><Block Hash="EAYuUbRsB+2SpEGrXv/BHcqlWeU5R6ISujX3toD8PN8=" Size="65539"/><Block Hash="xc64oFbpugssr7W4joIn3KteBgTpzXzUc4tdv2Vl9zo=" Size="64526"/><Block Hash="D5sTbpf11AU6LuWz6+smXazPsWWC3F0TVuhSjnkqJGo=" Size="64721"/><Block Hash="lWDyiIKuYuS3P/8MggZ5kRhv+0ZVOTDd3qGjT8z3w4Y=" Size="65112"/><Block Hash="8MFdfZqzilkjGN7mh8WVbLDzoetTlHvryv1VAWGKF5Y=" Size="65099"/><Block Hash="5ppXT9zI9ihtpAv5SVnB+SjL6QcpwpNZZaTTZogNBus=" Size="64728"/><Block Hash="81e315sByeOiGRt9veUeplSbAUDlPpT02Bj7DdLBkuM=" Size="65510"/><Block Hash="ysOL+aJAvaotAqaqzXJA0bRuuzJhegmHanrSKaA7dUE=" Size="65561"/><Block Hash="wv4AzF1KPTHOtcMzOq9+m4ojfi3/yEdCUlRHUylOBig=" Size="65561"/><Block Hash="khYYdQoKl93NdoBeoX+I7Jx/auHdFmtrEbnv/6A7ABs=" Size="65561"/><Block Hash="K7l8g6hkeaJjg0caajPyq4a7D/vaK/v5zp100m/XI9I=" Size="65561"/><Block Hash="8XVki3u/t7GBDlVFKcjbLwXKQ8Zbo2SN/sufCpPWh0A=" Size="65561"/><Block Hash="iAWQQFezbj360IMdkS0Cydyi4W5n8n0qKuLYIWafrvA=" Size="65561"/><Block Hash="V7fPL9vfVgs2K0HeYYzyc3xqlNexT8Zoby1XCmwYVSc=" Size="65561"/><Block Hash="2oBsaO/vtgIo0uXQivimS5tQfzNsBI2rUEzxKBkJbcA=" Size="65561"/><Block Hash="XRT5MDOS7MxW2Ne5i7uCjAOl7VbDkWXQq/SVdcsvgko=" Size="65561"/><Block Hash="baVgDzaespbLTQEc7YyE+S+m4dAX8QvjIajsGS02qbA=" Size="65561"/><Block Hash="m9A0IaAFtgPyPGRRc2tG1LPJT3mKXUglAhNeWmHNt88=" Size="65561"/><Block Hash="/+LKdLDiUo9SEofTOkYZEJl3UlXbz0Z8s99ZBAGBpnw=" Size="65223"/><Block Hash="T5CMf+D8ig7vE1HBBAkTJ2dgSFu/Yb+zlEEdbkO7gx0=" Size="65561"/><Block Hash="mvC3ZMHKtI1p4ogMVMO1/UWGeFu4pWKonDV+g/Nh7nI=" Size="65561"/><Block Hash="NKCCsZtCLeBr8FoIt6Ve+Ag6VvN9PeF+162GYmAiBz4=" Size="65561"/><Block Hash="pjYClYtnhJlRBtAolv41NxsPuYCDx4MGhNGslBK6GiY=" Size="65561"/><Block Hash="gALjC7mSDcQAOdc+U1xFUYIotZpvCLOpuSrBLvCSiBk=" Size="65561"/><Block Hash="S0oXC0Ln15IB1xrEimtsBQLQ2fPKZ4tAtNTlLyINBMc=" Size="65561"/><Block Hash="oc1cSEeFAPHeUNPR5Ybn/i85JZ65KxS0zoagiFyby0I=" Size="65561"/><Block Hash="w3SYoOExi6K2gUSM6YwBD79Pew2imzLSnNKQobc064I=" Size="65561"/><Block Hash="dugRhaB/BpedU8LawMRsDrBnfogzOmuKKT568dWZxVE=" Size="65561"/><Block Hash="+g4Z3p2HwlxjhmiNFsQn7DpUPAphP4dfnfcbbC4vLcQ=" Size="65561"/><Block Hash="6CAAsjOfTGUvrE7xwa9tZh1ckO/idIuzmx7FsausgK4=" Size="64356"/><Block Hash="lpYdsSnwphBTTSrb21BylZnJVe9Lise54CRp46Qq6Kg=" Size="65355"/><Block Hash="fmMx8zDEuj8VlTjpL9PpcworYAG36y+H6mYTe8lAGXE=" Size="65485"/><Block Hash="47CwFBNgQ8VhM6j+yN/HwiPbKAB80io29Ce2fsEPxxA=" Size="65561"/><Block Hash="Vg5JneQRmJbbINjgP5RitTS6Hy8GZU4MD1Q6NyPYL70=" Size="65561"/><Block Hash="/+gKnKTlNzmSSqmQIGpFqT3qSEbd79/eRQr1SopVHBQ=" Size="65355"/><Block Hash="Yb/MCKeGUJrACm531qp52aPioVl19mLLHOd/aO+QklA=" Size="65505"/><Block Hash="T/LCsSk8gvn56n2wwWeHEx8Lg247fObrAxhjHzSU6nI=" Size="65561"/><Block Hash="cxn5yhHhWW+DwQJ4pzp2Ay+xyeJWWAF9SOlZReBHoqE=" Size="65561"/><Block Hash="rGBVTfuq/aC28se01oKG7uIvEesJhwv+0cUomvZoWcY=" Size="65561"/><Block Hash="eECOwIgJpzdwUPu4Q+wqbQkbNZJDTFHbwXej5lBSc+o=" Size="65407"/><Block Hash="FwClZ6GwpBrvkvzNlEmsyLwFbKUZKHKqeUBbb5w1CUw=" Size="65561"/><Block Hash="9PHs+fr12sq6nMHfZDOzItVyK5AGYAaMX1rE3lcbJ4o=" Size="64560"/><Block Hash="CNd3Rq35nh7EtXinfFMQTMijafV19HEN3ftLc2fBYgU=" Size="64602"/><Block Hash="DBP1bZJL86utPvcYilrRDc7sa67Reyid8IsMWOWLUIo=" Size="63622"/><Block Hash="028p7V7R1gKdPJRvrrszUb0Zt5Pz8tUnrVNo2AvO4Kg=" Size="65561"/><Block Hash="Y4i3astI281pBv0V6+gSgd2v47gERRHBa/0c/6ui3ZY=" Size="65561"/><Block Hash="fdWEI7GsbC8dJzl9FQHhK4rovV2T6Wl3Fn2pnBHBs1U=" Size="65561"/><Block Hash="QH2ktAko+6DyAkEcDYTqmIYEBvPr5Sn1vi/SATEwooc=" Size="65546"/><Block Hash="kWqhGvAbSm1vXZS9bdxEwMrGv3lNVm2rzmYmDm+L2aU=" Size="65561"/><Block Hash="GMBgoyU985gBuK8h6f1pbdtb/0x9EKcIHmDLfzyPqis=" Size="65561"/><Block Hash="Hbf9tH3Uh7mO7jZtzPxkXpsM/VBLkjH0A2N/78TRVkY=" Size="64606"/><Block Hash="sKcr5Lrxx5Od0oTG/hKWcODxxBk/4Kw9RqWiLfCePjY=" Size="65240"/><Block Hash="Lx35/pjHKQOOtggRJqb/GME6JfwN/gl2yZh3bX83D8k=" Size="65233"/><Block Hash="4gd3R/J5TLc2PL0dpUXbMrwYmjDui2I0+JOio2mwmBs=" Size="65512"/><Block Hash="i9fM7ml6KbiZg7klY7WLQoq5bsdSfkfE29BbfWHuEy0=" Size="65561"/><Block Hash="6K2bkjzVSI6pxSJ2uswzLIIpuchVQ/w2v1u/3g2v9Jg=" Size="64111"/><Block Hash="v1DiXOviU1nC2XLF+6QbYLYYed4iCvqOX+mOJ32Pl5I=" Size="64354"/><Block Hash="6hbcvv3x7lZPZnQAHz3lyjivskrZWVK0giYkP+ANlw4=" Size="65561"/><Block Hash="ffUJjlBnb8O3bx3GO5MZQCoF/QYDHOEeRvNN81fk/1E=" Size="65561"/><Block Hash="S5asvN6kSasyvUH+KsEjsd5SXNM/sV4fJh1GMhtHk10=" Size="65561"/><Block Hash="fayKIpC/eh1ECnCyZKyiKDIIS6RNs8zO05x/VpTy42E=" Size="65561"/><Block Hash="JqKa7LgY+/uDF3JzZ7q9KeZ8iLKw0uE8IyBU7Zvs3VI=" Size="65561"/><Block Hash="mly2Bucx2xX/Ar31RwqyMU+lYhOma+Rd1Dulonog2Pc=" Size="65561"/><Block Hash="f+LhWSKnbIu1Gu3Wz1wnOqHAakUyAy13dnITl007Y5s=" Size="65561"/><Block Hash="Rh1vOXPFm+dQuYyT6Em3CCF5kQXkhQHIQ8W3VbDKnHM=" Size="65561"/><Block Hash="DUO2BpsYSz3Z3DtmlB3Q2flOxl574lZ2YwUWEbthKeU=" Size="65561"/><Block Hash="xnYcvlE530yk3wOi9YCQgzHCoR6fvZ6fO7AtVA1+emM=" Size="65561"/><Block Hash="uWJ5ikYD42rqMClCWuiNssewVGXqtvyAi0YTqeO0mz8=" Size="65561"/><Block Hash="lQfjV2px/FItU6YD+xvgOj1dZyJxrdiS5iq9/2V2ZEg=" Size="65561"/><Block Hash="8hjaR0K1+qQiadrjGZ/5iR6pNMPTXMFPyI72euykhfA=" Size="65561"/><Block Hash="DbcSpKT56yA+UOd9hjWPWC9X8MoHguePAvhGj6FM/0s=" Size="65561"/><Block Hash="m6SQLYq8/AM6bGh3g0BGJmEfdeVl+x5W8yzcU5YHyaI=" Size="65561"/><Block Hash="5RPtprMNQsVKYryTRfmEQG+iS5f2SPzrPk+Qa4lFYu4=" Size="65561"/><Block Hash="/ojtklUyF8iebXZETTyba+5kdv7K1kaFrv8nnruNxog=" Size="65274"/><Block Hash="TFz3w0h1nb4etocToEjroh7/Qexo/GLJ4rllOmo2k5E=" Size="65561"/><Block Hash="vNKcEOvJNwesGxATQh3bQxDSELF2jcY6d4betTa0y14=" Size="65561"/><Block Hash="LKHR6YKQu0k8pxYGGAEXHoY6l92rJlQHYuQ6lGml/cY=" Size="65561"/><Block Hash="rvxhKUxhiIyvYVVAjIsO9txaEy6Ny3xAQFas0w7pjTU=" Size="58201"/><b4:FileHash Hash="JqKsh+KX6YdAwK2TiR0Vn9jSR0oNQbIWvY/ou17ZD6s="/></File><File Name="AppxManifest.xml" Size="1830" LfhSize="46"><Block Hash="zdfO0bPr+jCi3/VfnjtxI+CMzBuBp2ZrAyWaj+JvJ28=" Size="765"/></File></BlockMap>