﻿<?xml version="1.0" encoding="utf-8"?>
<Package xmlns="http://schemas.microsoft.com/appx/manifest/foundation/windows10" xmlns:uap10="http://schemas.microsoft.com/appx/manifest/uap/windows10/10" xmlns:rescap="http://schemas.microsoft.com/appx/manifest/foundation/windows10/restrictedcapabilities" IgnorableNamespaces="uap10 rescap">
  <!--Package created by MSIX Packaging Tool version: 1.2024.405.0-->
  <Identity Name="MyAutomation" Publisher="CN=MyCompany" Version="1.0.1.0" ProcessorArchitecture="x64" />
  <Properties>
    <DisplayName>MyAutomation</DisplayName>
    <PublisherDisplayName>MyAutomation</PublisherDisplayName>
    <Description>None</Description>
    <Logo>Assets\StoreLogo.png</Logo>
    <uap10:PackageIntegrity>
      <uap10:Content Enforcement="on" />
    </uap10:PackageIntegrity>
  </Properties>
  <Resources>
    <Resource Language="en-us" />
  </Resources>
  <Dependencies><TargetDeviceFamily Name="MSIXCore.Desktop" MinVersion="10.0.10240.0" MaxVersionTested="10.0.22000.1" />
    
    <TargetDeviceFamily Name="Windows.Desktop" MinVersion="10.0.17763.0" MaxVersionTested="10.0.22000.1" />
  </Dependencies>
  
  
<Capabilities><rescap:Capability Name="runFullTrust" /></Capabilities></Package>