<?xml version="1.0" encoding="UTF-8" standalone="no"?>
<BlockMap xmlns="http://schemas.microsoft.com/appx/2010/blockmap" xmlns:b4="http://schemas.microsoft.com/appx/2021/blockmap" IgnorableNamespaces="b4" HashMethod="http://www.w3.org/2001/04/xmlenc#sha256"><File Name="Assets\Square150x150Logo.png" Size="3636" LfhSize="58"><Block Hash="M8NIgUWs0mZ3Ui4aoZPqIgGbpSE5OAk1W2iw5oj3ggc="/></File><File Name="Assets\Square44x44Logo.png" Size="3636" LfhSize="56"><Block Hash="M8NIgUWs0mZ3Ui4aoZPqIgGbpSE5OAk1W2iw5oj3ggc="/></File><File Name="Assets\StoreLogo.png" Size="3636" LfhSize="50"><Block Hash="M8NIgUWs0mZ3Ui4aoZPqIgGbpSE5OAk1W2iw5oj3ggc="/></File><File Name="Control.exe" Size="10277505" LfhSize="41"><Block Hash="UKw1MzaZDUUXGCZj0FBqMsnMZB+DAsYuDcJlljgd+VE=" Size="35524"/><Block Hash="csIWUQzpUJTz3LeNh6HweBvZ/d5lxakS4Qvb/O0LShc=" Size="35003"/><Block Hash="M8Dlw7Jq37bODXZVhySobLt15yJIl4uWa9RqY6smiq4=" Size="36227"/><Block Hash="sMs8FwbZ7X+zqeRrOA4kvMryoqM3mDkyXSPENfnSJcM=" Size="34579"/><Block Hash="hh4ZKjgCrnrby1PtisHqUO/bz7At3aeEJ6QuWq9RmY0=" Size="51509"/><Block Hash="FurVsfs8Kul77hWUqlAv+K53WVKIkBv1m3zo/UQLsmY=" Size="59998"/><Block Hash="rWvZ+rpMoKWNzLmw2e6aCLUkfI/CtjBPaer6D7fEU2Y=" Size="65555"/><Block Hash="/MCb7Sjf0VAozijHX7k8XD5AGLTKNl6VE0H8rFds+Hg=" Size="65561"/><Block Hash="tV54EvaUjcsJnhzzbzDCDlu+iFVmxokYMFnHB3HWqVg=" Size="65550"/><Block Hash="bZtSw9ddVVymfXyHJfB/my8OM2UjRS01m4fssKV8ctU=" Size="65561"/><Block Hash="7G9fFDqo96wynwqF+XvyLuEeGw7HGk1kEFuqc81/cm0=" Size="65529"/><Block Hash="CilqQzG8xeh8GWIDUTeNrZvZGa/I4PHcUryqvJIKcZY=" Size="65561"/><Block Hash="tm8BTabbY05Enw/aQeRoSWBleehfRN482JV5j+tRKPE=" Size="65268"/><Block Hash="bJjRVgqW6nh35EFQNNUyK0hnsV8vuUaDilgKuwZm9Dw=" Size="61683"/><Block Hash="0qE+bvqAyzH8YPphyAwFjt2wTrEwYsRgKQf1yZwLN1g=" Size="63945"/><Block Hash="8Nx3sUkuTeJLrva4Lt/CEE3b//17zFiIOrCEcXrxNmY=" Size="64206"/><Block Hash="HlSsdwRPcCm1YFahNvLYQlRLg66jPcBiNeW00UzgUwc=" Size="63507"/><Block Hash="mwqF60SPzdvcJ6vk+HiyYWjqL1nexBYhlnXaGEUw9bQ=" Size="61570"/><Block Hash="h+VecF9k6a/rPoB31d8GS27Ve7GrLuYKiMgVK+GDUTA=" Size="63068"/><Block Hash="BbeGQpacNMbUS5ybfd1XHXLHDhba7+fWyvdcVnjHc0A=" Size="63615"/><Block Hash="oZHIBHeaYqrjaZViFgnZUtd/JKjq9GrsYjstLEYuehU=" Size="63489"/><Block Hash="maugOj0FUYoTwgtgTykAj/g1f99p0yyXojaG7K8m/Oc=" Size="64086"/><Block Hash="zy1V1L0vCBGGIcFgXMgLB1CpKY70zAHeE8eQxqSXco0=" Size="64462"/><Block Hash="D6u/0L3JBz7BGudGySX7c0jl92QkT4HFMG9g7l2NZqY=" Size="60268"/><Block Hash="dY6TBt8LPNUOkKrmH4twQymtnDkCbv/A/8JccZur/qA=" Size="63652"/><Block Hash="M8tWSbhANDWwi2yeU60nz0lC0M3gMUJvUoiPXOfqNMQ=" Size="65561"/><Block Hash="SVGdjmtuwoowEyJRGtxBxxxFCG2E+fDf8foOX1QzYxw=" Size="65458"/><Block Hash="fJP5DzKW91vdI85xsA7tghAIoNOJrAnY2SuN1Ht/5Zw=" Size="65561"/><Block Hash="ul52HbUoMQTNu4jiHakM1XEG3InRY7npRIb4RCpFMd0=" Size="65561"/><Block Hash="t5fEW8xamuArNoAhxm5bqnf6VcSj0rVKlh/+KZJPXIk=" Size="65561"/><Block Hash="07fDs8Ep71EN1Hd/HKL4GG7i18imcO1fLGX0J8sY0Lc=" Size="65326"/><Block Hash="jbizAJj7/KUaSJmXq91/71RXdkeaBDnZZOoRNi2dZOo=" Size="65561"/><Block Hash="ua8fVfzE8lYiaM4LmYxiIFQmYKr/5abMGiheKz/H/ZE=" Size="65561"/><Block Hash="+Cufg6TmWQvatu+A2Ho1DcDruFnlNgDU/Ny05k4Tgmo=" Size="64505"/><Block Hash="js4pKkYNwSaXt3IAl3wYOssTr0IgrKzikRhqpM79iTo=" Size="61296"/><Block Hash="kxsadSINAdVA76jzY9GivLTxSs2RDbwPKE6NG9sX4Lw=" Size="65353"/><Block Hash="ZfHyxNLCNSHERko9ywpD4nmTMhyGsdokikdYgGXJ8Y8=" Size="65506"/><Block Hash="kBaDgP6613DU3JRRsuUaX4xvi+g3dBMWLKPZss0/d8c=" Size="65561"/><Block Hash="mJPiDX7dlxNlLGybMTXVvQYJK7YADvL1rcGoIwK8HS4=" Size="65561"/><Block Hash="Sj9LSS4grrQtZRGhc6cRWR0B21ohWOUB7h2rbICPwqM=" Size="64897"/><Block Hash="j9YslcB2YtCYR8RdMcJDZHjAzcLq/ubujMZcsPicv9U=" Size="65561"/><Block Hash="1QCkLaJONtDHHOVRFdUzWF71kzVK5mMoxf/oOilN+A4=" Size="65561"/><Block Hash="j6rOUTpavIjCV+r0eFCKZKvaQVK0EQP14S7Addf6xjo=" Size="65561"/><Block Hash="HsuByxwl/sg5OrzQD9ik4eRwQSA/Q+ttFs4H2W3KZWs=" Size="65561"/><Block Hash="pumQdHVHj30NPpePTs1vIST3Wj6X8VfGXgEQ1hnb4po=" Size="65561"/><Block Hash="wGYXOGGMMv6cRkxuQMXK9/lAxtmhPgzLDaY4D8nLl/M=" Size="65561"/><Block Hash="3hwdrL4R6MVlctAmAiOlymyMAB4TXYu0+OiL5CEHNaQ=" Size="65555"/><Block Hash="HTGRLRc3D8P+0VlWeJQBVZU3iPkLPlRhrR6od0kOC8o=" Size="65561"/><Block Hash="vUryc9/J5UPbr/p+G8rlMh5PDHzOEgKIdcOe7xg+Kus=" Size="65561"/><Block Hash="AIxQIskgODzYwxvwtuaId6+9d8g0bTROnLkYbgvAcWw=" Size="65561"/><Block Hash="BwoR9vveBz2NkCTSnXp+eSkAEch/IuvGJckgVyehA3k=" Size="65561"/><Block Hash="3Wzgqx9SENaZ+ioWiez0vrk2kBNJ3BwBOoR0/O0/wbM=" Size="65561"/><Block Hash="MAl3U+fU8/zHd+oaZ77xjqgTI50OLeqkz5CH4/4bq1g=" Size="65561"/><Block Hash="G+0lI669oMRbgyJe8ExNN7qs3/XURXSte7mRDWttxwU=" Size="65561"/><Block Hash="CD9Vfuw5+GWzUVtU/y/Lg7AW43D0C+MF4Zo+sQIoiSk=" Size="65520"/><Block Hash="OlHsuM28jxHdH1nMq/LcJ9fsgc9DecypvnyfHjk3vvE=" Size="65529"/><Block Hash="sSxjaywRFjvHcCzO+xepcYVM1CiYCN8M/uIdJ1AwpYU=" Size="65385"/><Block Hash="8CZwTHOyQpOdruoy3NpEzk1/+4KMixYX6RXyIDMv2gE=" Size="65532"/><Block Hash="v/Ik2kpqI25p+hRcfNVwD1mEkoJlrC+kValOLNs429Y=" Size="64924"/><Block Hash="ZSJsGAeKo7sOYy59q7KF290abrtaXjnPySbq7vq3LhQ=" Size="64616"/><Block Hash="Rg9pILZovzU7pw+GMdMym1itYjoRQqPo7GeJxZuDBmo=" Size="65236"/><Block Hash="EAuxJoNo3fjJF3wmWc5u6VaNgmJfC6q1bRsJQVeN3V0=" Size="65088"/><Block Hash="Fc+3xy7yhynRAh8jo7pTJfSjzHEMd+oarg6AlmJk+vc=" Size="64853"/><Block Hash="KaFmrzwqJ5EydzCaXF1BWihLUZhj4rNjcoA3FKCzdfk=" Size="65012"/><Block Hash="N6BAizWHTtc9PRdkR4xrVp0L1Qc7giVQk/gF64jH7Q4=" Size="65561"/><Block Hash="nBVsptqymo+N+zoSol/n02ULqwsaGocaPCsId+/fsSg=" Size="65561"/><Block Hash="z6tZorma7IHw+a1tw2+cCajI1E3jT3hVwbRJs70S8HY=" Size="65561"/><Block Hash="LIH3nQVjVEOQirXJr6zC9QLfH0ryrydzKQaCdGqxiVo=" Size="65561"/><Block Hash="bvpQAC2ArgB/py5elfV063vJYg9kK+5ELbAynFl2VWw=" Size="65561"/><Block Hash="VsiSS8oSBOYXzdYNGkwMTG9yVknbHYY0efum2URInmQ=" Size="65561"/><Block Hash="BEyA5TJlSDV8CLUppgWKfJ4h1es7WuWlgzSHYnTripE=" Size="65561"/><Block Hash="jJ8VN5Y/u1KLdCZ53fRfquTSqyQfeKISYYURTxM28MY=" Size="65561"/><Block Hash="YI8JdhTj8ZyqzE0f/C+cR7838WJjcm0KnUIvJrnLE1o=" Size="65561"/><Block Hash="5+rdFPbeKYgbsAx4DmSo73bAHokSX3CxB5jTh+G13K4=" Size="65561"/><Block Hash="arbMpipnVfZbvyr+9Pxs3kllYAeJcYek72BovrO3IZ0=" Size="65561"/><Block Hash="njM1lOzRqTuqV0wkmZTMT5HOA5B47+6WDxedneTLmVY=" Size="65561"/><Block Hash="7knwOXmr56TRN3wcKGoWBwKEtJVHX45OqwfL45an/OM=" Size="65296"/><Block Hash="q3gxptAd/Kf3ABUJjr15slkv3VQs1E0i3Pbpeg4cWDI=" Size="65561"/><Block Hash="UrvMCR5t4gJ+7TX0CrqKy0Xwi4yYsO5ixVaJ3CvFO4E=" Size="65561"/><Block Hash="Op3vUV68cOYS0hvbH68EwrE9PLVm7zA2slBLauTRT6A=" Size="65561"/><Block Hash="wRN62Xb/DJ69OU1RlvdZ3LYQIu7iiuFqWCa/anINbs8=" Size="65561"/><Block Hash="QOKd1eDFs8q95YDt/SzefXT7C5/RFUGRPWhbcq4Ghic=" Size="65561"/><Block Hash="Q2LrapdfFl9LkMhk8ZKdN1vKTyajcZuAFKfw2yVVt4A=" Size="65561"/><Block Hash="xxxyEwJ/0Izb6UanUATuyoMBCW0LMSTvOXL9ZpTDfIg=" Size="65561"/><Block Hash="WWUy1n1xywItMVc6nqISxY5BCsK153hDc01U/+GJD2o=" Size="65561"/><Block Hash="XYpKkpTUzANWk6JpwvsqmdJOUYyG4YiWc8h2bs++maE=" Size="65561"/><Block Hash="571A0RUwqiWOu2GbnM9X4ENGmUo7lGBoBlxONz2MspQ=" Size="65561"/><Block Hash="hVImy/Q5KA9KhU3VPVoqyc8BQPJ6dtCNmH/p8nRheZg=" Size="64290"/><Block Hash="upO/9wLpnSGh8X1nAQC6mLovtX2CL1zp1B+5skdD4oM=" Size="65242"/><Block Hash="gM/+gTQcssABJvUbk2nyFxkd+WT3ZU5wb5/yvIoKWA4=" Size="65561"/><Block Hash="jwvZVpdokHtts8QOaVGo9YoAR0VV9SRYXA/tAOxa1YM=" Size="65561"/><Block Hash="sGJjB3wigcVRgDPm4yj+n5jXeEBwj5AsAm4DZ2b0thM=" Size="65126"/><Block Hash="S65JNCucyZ4wpLmHUgL1PgWK4+pyvaCpHTxuNMMi7sY=" Size="65561"/><Block Hash="ze5ALoGrSK8WAhi9VdgH5RJ7P325kMKUbdu3LTDXjno=" Size="65501"/><Block Hash="N6okAzkZPFhG0StLGSFnIsjB6F1MLYhtJMxFrMUgGow=" Size="65561"/><Block Hash="AwjroTK3Xt/S6vVJBUVug8yaaK3emkCYLPW0WG8BRb0=" Size="65561"/><Block Hash="acc1CsDiEx9HpaJ8KLMbmn08BsOLPDTivjlNtdQSA6g=" Size="65408"/><Block Hash="yjg5mKiH1BjjpELk6L6+iOkj2vWF29Ut0yzNcy8Yosg=" Size="65561"/><Block Hash="xKNfI6TJOeilze7SUgF9cvIQYV9TtBjtJ4/52jUHDSM=" Size="65530"/><Block Hash="8wNXs4LfKITXM/FjAbgXvrxwP540TCKwoSRt5hhPG6k=" Size="64145"/><Block Hash="3H7YEZC2JzlFW+67mqoCYsw5CGy69NO/SJx0MsKKlIc=" Size="64568"/><Block Hash="AzEbWrGvkeW1nJBzP3hw79Yw4z120k4sAQ+rrwj5Uik=" Size="64191"/><Block Hash="ZGiVxexVvpzts2+lIBRTbhSEy9RQSjS3pDiC6LjRr9w=" Size="65561"/><Block Hash="AujLpmBzG9rX84bpSZE3Hdz8eKIE4KSNhJvzj1z01zQ=" Size="65561"/><Block Hash="5Va46NvDtNWd+z9UOlX+pUd4iaHSgXLjOUXt7QaqWHA=" Size="65561"/><Block Hash="YN3rxkrtIIn3wmNDzlw0MIJJjmkHVvApZ6kI3u8ub1A=" Size="65561"/><Block Hash="B2q9sEhW5w2dCf12mqqhTN30K09ronRbt84vbRXS64E=" Size="65561"/><Block Hash="bj1xXD49SCk/MSZ6Y5x+7KJ8oyT84O7puo+4XLjWsOc=" Size="65561"/><Block Hash="LbXVjIIuszjvzNiF72pyS/27OB6qHUJn6EpH9YILtBs=" Size="65561"/><Block Hash="bm/iANwHqyrtifVzTttj7/tH0OWr2ApQsOkTJrhcdlM=" Size="65500"/><Block Hash="IRubF6Q22LD/LMgomfMdSA1ftZJ9Fd1kwrlaRU7zu8I=" Size="65561"/><Block Hash="HsccD+uyrA941KhZk2XvK356eLr2oyGOsSFO5aSPQck=" Size="65561"/><Block Hash="NmYM/vowaB02zo2BvSiRJAkRFhP6sqKRqgKiPlXAftE=" Size="65561"/><Block Hash="AHC4zKwexDq9Fwz3B6tnovfdw7ZcJf2ScxYpsZeY0Lw=" Size="65534"/><Block Hash="TUP67y0QSUPhnuOVST/jew9OEPVTenSvGGUTCTbkNwE=" Size="65337"/><Block Hash="/tf6OdA0tciYjqiKUpWK7NDbVDaeXx1bz0OHKrSjxUA=" Size="65286"/><Block Hash="s47Y0cKlouthURPIMF37Ho3jzFxtCEAPpIxk/cjkaCE=" Size="65561"/><Block Hash="KahUK2IdNl4hG6YcCnO6bPL1Xyrl4DE6A0pow1j7n8k=" Size="65561"/><Block Hash="Vw9c2oagshY/K5szwrgS/8af+zsHsq/7xuAragk+pvE=" Size="65561"/><Block Hash="IOh/xAMCYh5beC3vVDgbX3+K34UHFnuG8mhzmmm4wmY=" Size="65561"/><Block Hash="BgHehGXNNz5xp6ImtKeWpY/gFv+GLUCwwliqJhbQ5Qo=" Size="65561"/><Block Hash="N+0HOuOtNf7p3aPrkGZx53N1nP2ikhgZbGvvqJhEkVg=" Size="65561"/><Block Hash="G1fAP+HaiKGbbmFdpUb6KEUql+zA9M5zXsKLlZFpAVg=" Size="65561"/><Block Hash="ZZqVcTqFIeQTRLorC4ygFnCV/2ksMOPE5jGqEAF0geM=" Size="65561"/><Block Hash="1wFcdvbgwZtkZnfmXyLvN8c3a1IFuYKVIOANBqOS5Bc=" Size="65561"/><Block Hash="arbL69IGONar3fhg9cML+qrXbQv/e7Y7LJ44FQKw7hY=" Size="65066"/><Block Hash="M/B8B2SaxcC5gqy79Z0aCLBiQCFFrplGbvxvocFCPsU=" Size="65350"/><Block Hash="hmWw4roRbC82coc0tFwBbRPomNJVJxQvP6J38dqK2Ds=" Size="64811"/><Block Hash="hVME/CGAL0re8EUhu1Zt4q2B46Te1H2bh1zgtqiynSc=" Size="65484"/><Block Hash="hngKCyn4cKKtWFRHmdFjyEz2AvIDokwzH2ta0Yy6DNI=" Size="65561"/><Block Hash="STzdIqQglKeEcw8aRpOAb3qTneuqtF5TGVccFmJCoj4=" Size="65558"/><Block Hash="iFFyaHKCEE/CWbwZsW5JoN9juIzaK5TSXhNNaQGRfsU=" Size="62844"/><Block Hash="DDnu/IeeySUFy86EuunjmVAkd+HFQN6ffbY0cNZHnY4=" Size="65064"/><Block Hash="tZwu2FXYZtraSYMfuNaWSdUTZss37cCu0MfFMwNmrsw=" Size="65561"/><Block Hash="uOzOuou0/vzROMF5uKzXY0yxYLXzm5XIc5BOQHycLbo=" Size="65561"/><Block Hash="iCps7Ri6sgbIXDM6bh6nIieF4J/w+w4Kr1bTyD20e44=" Size="65561"/><Block Hash="MOoUn1KAS8hgwZyWMw/4gHsBjBkZDQuKb0DmHF6ejrQ=" Size="65561"/><Block Hash="O+xVT8dMDWZ/4OJOlKcSt1oIE0HJEBZAvzlGNVO/ONY=" Size="65561"/><Block Hash="csKcErpI18e1UDy9p4VUB8lRFrTYaQNgEpKRbfxXmtc=" Size="65561"/><Block Hash="8kKYyCwi7H45Eg9p+kDHJhKUL6FlIufJFKdI9y/3qps=" Size="65561"/><Block Hash="VTwgQpGBjB+9hKv9wxLjXPuiTJ63ItM3PYdbMCTS6LE=" Size="65561"/><Block Hash="FMh1KctKcTh+caJMrLfEdeKSFjONUXxLxBdiWZ1TA54=" Size="65561"/><Block Hash="wQ20GYMdqsktBM+v4Ays9iyGNNIO9JY1gMRNywSMN90=" Size="65561"/><Block Hash="FwCMcPIRL2tK/5DiaPUMf0VApPUNcG32ERggMSQhNAY=" Size="65561"/><Block Hash="AF925iZvTmY36lpgxAFO9VMy/2HzrUrLjwBkn0qcYAI=" Size="65561"/><Block Hash="dnBDtn8LpbvC9KVPZib2xXzANMGc+Jr4x05AbfxGSXg=" Size="65561"/><Block Hash="TLbwReE7u33QlXX4pATQ7UezSHGxPNRJEwPfT6bFO3s=" Size="65561"/><Block Hash="MHdl7v7q4kmZJmXAUa0mkt8uiLzzAknswgYAS8hJR2I=" Size="65561"/><Block Hash="A4StZtibhuSaw8WFWHwIBw7JdwpWM0FTXX/8EdWnG3M=" Size="65561"/><Block Hash="SchR/UK3888O/NdeK8YS6jPOQzr6RGiWQnAkR+/Thts=" Size="65552"/><Block Hash="AfdEIWXJ2Nx+kcpJzw9xpe2n0GKHWr/lYxLoH0XtXVM=" Size="65276"/><Block Hash="Hi67bYSx0rZVu4+0t5+f6PRiyNtz7vpC54rUYzit4iM=" Size="65561"/><Block Hash="+cydNf5Owe6BagJOL8oCYn/EG+CJTI18cZXUEiEYbsU=" Size="65561"/><Block Hash="ojGAO8Jd2WG2pneaC47UlMT7WX+fhvVEaUfRZ90CCf4=" Size="65561"/><Block Hash="SqDi4LZOLXWG5mUdpsfF7oR+9lwfW90z+/uthwx8EbM=" Size="65561"/><Block Hash="XXmYvzG7TUcL4dMQwfyqmoAClYHD2A324Iy320Ptx2I=" Size="64048"/><Block Hash="+LIhtA4ZdT24RUPoVJ3VN1mtASn6jypT0bccDLMNojc=" Size="15251"/><b4:FileHash Hash="DGcD/0664+u6mS5Ob1TBCkuvIubTbpz+8pW73KNjP28="/></File><File Name="Registry.dat" Size="40960" LfhSize="42"><Block Hash="JabD1/aquE48yggi4YJMLvSrycjbWCHnNupPSzeGtMU=" Size="13461"/></File><File Name="Resources.pri" Size="888" LfhSize="43"><Block Hash="vi7kuu3xyA3ts6Oiqsf0adG97qUIVJ4/5ZAaooXf8R8=" Size="373"/></File><File Name="User.dat" Size="20480" LfhSize="38"><Block Hash="cKbgX06BrgaTCBg3BX5vWQ/wNAz1WPgeFl4Vi8p/yKo=" Size="4156"/></File><File Name="UserClasses.dat" Size="12288" LfhSize="45"><Block Hash="IdqiRsrYZoGz2uDeJKfDVc07kR+hpYLwkB6R4hrzE68=" Size="1642"/></File><File Name="Worker.exe" Size="57072514" LfhSize="40"><Block Hash="1RrqitYmhs3ieDE6QumeYgmPHbfEwAdBsddM5Na+EyA=" Size="35570"/><Block Hash="ipcS/QszZ5J1ZeG6ASIKoKVEXZd1r5Sj7DfQ9sCA1R8=" Size="33389"/><Block Hash="mw/fVLSWQRfv94qeDbhOisU3aaGGUkr7ZDOMNFMRPx0=" Size="36140"/><Block Hash="1qD9atd074LQ/adgA7zd24LZJpOriBqtHzp1fdEZy14=" Size="35735"/><Block Hash="OinNq8fk76rEyfiq0KwTTMqfJL75rsQAkC0Y2a/6WxY=" Size="50289"/><Block Hash="rsTvaoE30x/dkT9qnKOof9PWpXfN+0Wj+bHrJAVrK4k=" Size="57945"/><Block Hash="LrgpS++CSnqhLfTLHuUWPSwAGSPuO7sNpxF7NJ6dxy4=" Size="65561"/><Block Hash="gpwhk5W00+TveMO9Y5mlSpDp8GL5N8KtQx28O5+Jwyg=" Size="65483"/><Block Hash="YHclnipTWCDOZ7m5ioaaMieNXwbs7ndwURqNU9klrL4=" Size="65561"/><Block Hash="dJ0hR1Qe9TCNOxj/rabvMNDAdyL9qRoxxP0mznPux9E=" Size="65515"/><Block Hash="xxPTMFyPGmKdwBdBV5wxncWt774kTIzNlQZtveIWx7Q=" Size="65376"/><Block Hash="OvxyRyMiUdODAnTzcrjZgofnejKNbMVbH2WdMJuC0lw=" Size="65417"/><Block Hash="7hno5GcK6tYoKFDiJOlzxMaBz6MhOMpe6/UWJBk/Auk=" Size="65438"/><Block Hash="hMYRq05fzdAc8DR3jFJXZZOgy5sSNpFWtiPQoWBJuGM=" Size="65561"/><Block Hash="W9Pti5TFRh/KmLgiWD7NC3L38i5wYaUSO7oxABBkbbA=" Size="65543"/><Block Hash="O4497aAT7u0EJ9JwxezYNeNpeCKocTgoI+RHaE+eHi8=" Size="65506"/><Block Hash="g11DmjYmtCT1m9pRh8LLI7nERSkJwfP/YVB1LWEDPZ4=" Size="65561"/><Block Hash="UP8U5gJURf+zPuDedQOT0DA1VUKI1e1Q0blo/LNL/ZA=" Size="65561"/><Block Hash="oUiRSX0z2luHxUEhwOO8ZXhA63Zf828JB7ZLbdI8Bxo=" Size="65561"/><Block Hash="f3OWJjSQorTqUjKDCgpax4jg/xMlIMcZFXMFF0ORWz8=" Size="65561"/><Block Hash="hN+b2RB7idvG64SXfP73bjStc5gUnq2jWJpxAVL2VJk=" Size="65561"/><Block Hash="u72Vdp9O+DoSPTlzBBfns3lZbq01rp+prARmCb4j/BE=" Size="65561"/><Block Hash="wVnvKXyRZrMqWOJasi9wMRb3ExWXvZO4Otqmk94qCH8=" Size="65561"/><Block Hash="o/UC3HcOxW0KyG0CwwPOn8u1vBvyK8uOTR7iXAVdaTQ=" Size="65561"/><Block Hash="Su2AqqL9hGy+iWmsW10K/XbyHpIihSvsnabfEWDt0Ek=" Size="65561"/><Block Hash="Ur+wXn6IpPEdj7Y1WmoN/PCcYQCq1pPXAOLpIJ2g33I=" Size="65561"/><Block Hash="gqR8GC+18Nu/pjgZ1SDB95zvmPrEn5O+i7BV4RtqrQM=" Size="65561"/><Block Hash="J+Fe/qq7X/1SoBp5cln2O7v8FYJroEloUhBg1kOftPw=" Size="65561"/><Block Hash="AvTHApY75QXGd/8Lfu3v+vmWusyhFv1Jf0N0uCbg7Qo=" Size="65516"/><Block Hash="g1W9G7jFXpaRl/KYgEQ3cukDQQh33I9v2AyiW9qfzYY=" Size="65511"/><Block Hash="cD2dr9mYpCvjz06IUnv3HcJSAAF7eiYI4j6Q8hF/HI8=" Size="65561"/><Block Hash="v+6Zn2LYI0zXHm3NeTTr7HhnUgBxhOIBA9MJMXPNb8o=" Size="65561"/><Block Hash="GgrcvXJYqik7vY7rQ4W88KMR1HGjVB8jPA2Y4ghwj1c=" Size="65553"/><Block Hash="djVm8aMUy68KZlUsJNdWJLVsQ/VztfpkjsPK5PiK6oI=" Size="65526"/><Block Hash="aUbMRPSiPWePal6cBc8B4Vv/T3y89j5o+0Gl+3E6bW0=" Size="64976"/><Block Hash="3tdUccNgtz9ZjBpSHMqOX8zWIK85D5Nvr3M9wweRE7w=" Size="65546"/><Block Hash="nADDhddMfclvlPExzPVEzYSjQ0JMEUnXoWR6FT2+EEk=" Size="65451"/><Block Hash="dCjT85rfs2xhzgB0BRljq2RjpJ0i/PWkC0+OpLefPzo=" Size="65561"/><Block Hash="s+CGq7epDxVrzXE3nVw/z4V6mw/nGIYotmwWR1Zc6MU=" Size="65561"/><Block Hash="fx+yC98geiYxBm8DK5nYgxLFYAiIUY9p/k9idktquBY=" Size="65561"/><Block Hash="d7niQVqHTlioNhhhIBevS/ob1oUBOk8hZlIKJkgyfis=" Size="65561"/><Block Hash="+aPjcKjkGNiLkK8X0ioCnXw4qZFLjbpg2vn1mhvDfx0=" Size="65526"/><Block Hash="h7vM+AwFCUF6mmk+uTh3hDJIFojXMcj0FGapQQIWqLQ=" Size="65561"/><Block Hash="8RChJpVN1AOc4bBdXD81W/n86cAZOe0PVM56HA95hfs=" Size="65561"/><Block Hash="RpIi2rs7FG4I4mBVB/lz1FR7KNn7UxNez3hjo21xIc8=" Size="65561"/><Block Hash="2C5c5OApWfnItM+dLZ6DfFz3wv2DQ7vxNizl9mY/Cu0=" Size="65561"/><Block Hash="+iCfF4igemO8BS6f/NF3tpG15vqwZucXehKzAJ7rsxQ=" Size="65561"/><Block Hash="ENTCkZ57X8pxyMv33rXn+sAECEw06hnwKvOpGndcnIY=" Size="65561"/><Block Hash="r+WMG9moh8fvWQIA0p7Bf56wRhY4xLrJib7AaldSLkI=" Size="65561"/><Block Hash="HFFNAENlPA9BgVMaKFjPwq0LxOsOtbTBdGs0tH8IDko=" Size="65561"/><Block Hash="7Oxy08Xwk1bKv2vfl6EBxkH5AiZLFbv4kEA4QhHWo9U=" Size="65561"/><Block Hash="nu4T4hlZqG9bMV6m986KPitQ0V1YFCZ54AEp7uu68Qk=" Size="65527"/><Block Hash="af+n794ihHIcPGdRbxlcxuMzPxlyWaMqEIjd6OtBKi8=" Size="65561"/><Block Hash="uSnkyYvRRJBQ+Q7Y3dp1ZqleKZ/xbq/BMVw0BRj+CMM=" Size="65561"/><Block Hash="+Q9HdvhLXhfs3iVOL4tcncin2FzxfnV+o89ra2f334c=" Size="65561"/><Block Hash="6JuFasXbzpuZ1u89KPbuTrt8CGfmlqbR6NDpoU1/Hgc=" Size="65561"/><Block Hash="psYfwlxpvHS138XsNnxI7pUMOfB9YVclIYjiHr11QpQ=" Size="65494"/><Block Hash="/49KCwJk8MpxP0GgGQdNAnGIXlGlYLUDL1W/91Fo15g=" Size="65519"/><Block Hash="DKZewcdwo10/CkBJ4jvxK/56imTUxbkAqflEqDPpMmk=" Size="65561"/><Block Hash="nSrCQTEfzaQ1OWkrnByTm0lfjKchtHjg2cuB4dN6+KM=" Size="65561"/><Block Hash="GSMXgmqCvf7emjrYlxJL3s7sWLPZGSz4OqvOU7+uZEM=" Size="64699"/><Block Hash="UP4rqfTbk+1xkioK2MuFgsAv8xT9juV2mAhyerTn3/w=" Size="65444"/><Block Hash="JmCr6e7F5BPNTFFcf13bNQAei92wiT7Itk/Oo4vAxkY=" Size="65561"/><Block Hash="7hvej5bflA5REaQzA0RrYU7ytSGtG17DLdO0VhYKkiw=" Size="65561"/><Block Hash="xgaBYhf33ncRer/D4V3NuGeoGiAo2R+ZX2hvlHjv9l0=" Size="65561"/><Block Hash="o6yo+DWmJ54BC3dKa7PsMCenESFfkdnD/RjQqsCpdOk=" Size="65554"/><Block Hash="qtrZwZ0aibpdcXMYXV48pOvAmPjjwMhYZzm5xunBAxo=" Size="65561"/><Block Hash="pQaua+ipgVFfHJATBFAr/8TQXDPHfIdTMv2gDHmQTHU=" Size="65561"/><Block Hash="5zNoWmH4mcSDaPkVvCeZLby/4aSlSzYIqEEr4lPaLuU=" Size="65505"/><Block Hash="fHwofnEG8jcqTrKsKLOjQoBxP6tNMmbPKFH2k+N3o4w=" Size="65561"/><Block Hash="MDKlycSxxHEpBLW6GHlw9rznmR1nB/E+ySmtnXXZaEk=" Size="65561"/><Block Hash="Y7lBAG4R68bfBktOOXLCZ+AXsF3alfPp0TtnS2mn3Is=" Size="65561"/><Block Hash="+9ekkict+PusT7zmeInPaYbxXsC8hpQeoWpbdjjF/Ec=" Size="65561"/><Block Hash="B7rK5fR36Ljt/LPm6jgjqhtrY4oul9HJKOHSOi0VlGQ=" Size="65069"/><Block Hash="fmU1Tc+h6VvjbOqp7xATHVoTguqSCWqreiwfA6b1thk=" Size="65383"/><Block Hash="tY/L7ds9wcsUGwsLdR5TTAHDVNJaUOi6mdLgkTBS1AA=" Size="65561"/><Block Hash="x4nj0p20F3A8O03SbKk18AzQxE1vbQQYmWV9o2E3g5Y=" Size="65513"/><Block Hash="2a/5TAGTRPHXCH7nPHTQIfTqfVl7YBND/WlwVyjryAM=" Size="65561"/><Block Hash="F3kir+S3LGktoA9TUd4+tKP/npOzb76Z2aiugQkQ2WE=" Size="65561"/><Block Hash="XdD80M52v0LrWSJ/ySLwaBIBHRF32hzYyt+lUf3wxFQ=" Size="65268"/><Block Hash="8iXLWaERdMTEm7MDjtxeowJtklRD2RQVpm1Tci52Hhs=" Size="65561"/><Block Hash="TsWhU7YESggeLsqj1NWiPr+ArNbtZmA7s5KR7p4PIz0=" Size="65561"/><Block Hash="3JXjtF20/iMg8Q2T51S3/gDx6vTivSedXmB3a94cV4Y=" Size="65561"/><Block Hash="LTI9fNC53CGC2pn1HX4DQbsNzhAHHVa2wmRk8ppHsEk=" Size="65561"/><Block Hash="6oOjPM2vUsD4E03lk+KkweepkD0IPHky9v00gcEQ+j4=" Size="65561"/><Block Hash="USr5YA8PfwNr3NKhGImhmxM59D57jje1FdvDIDYRXWw=" Size="65541"/><Block Hash="5Jor1/9oxbE2++15IViOaW06UdnMb8O2fKgnRI2lz3A=" Size="64798"/><Block Hash="gaYpi7Ol7grZlfxUa2MvDUxgtQerNvUBl1R5omzYTmY=" Size="65171"/><Block Hash="pVX/t/FjqfA7VcocD+8P8gtYoY5kqlw6W1xtlAr/aNo=" Size="65046"/><Block Hash="bHT3eyKzw6510Usmbj4bt1qbBnjaHvdxFhSd84kQqPA=" Size="65561"/><Block Hash="N+lrDbE8a6nXy3GJV80U4dy9EvEoaVfGtdLmvb8zeGc=" Size="65097"/><Block Hash="3D1kz5hPRA8YxuIAyFahuLYNxyoSo6uCdBHiMqPAJqM=" Size="65561"/><Block Hash="nCtwboiCkA1ufUSRp5y/mV0+LsYLxe7UUviKNKcxhpQ=" Size="65561"/><Block Hash="gK1OI0bi0pL0HORSBnF5VcGER2eIVnUT7Ib7eJAbEBo=" Size="65561"/><Block Hash="ybE15PSkpdnbHXS88xxtP7OwBt8WbrJeyE9NJmyKAhM=" Size="65561"/><Block Hash="sjSksOqmY2buTWGodysqPyyDElP7KgwRfp74Lwdv2lA=" Size="65561"/><Block Hash="qpboG59+DKWf/NEAj9fU9jjYSALnKyhlMxG4ME/SpCs=" Size="65561"/><Block Hash="MgE1eKO3NJuXuXmGitLgFLU/NgleP4Tyva2iwMTArjw=" Size="65561"/><Block Hash="/72wzX7sHXuuZA4+5P84tFSKfqXj/dSSfHY32QowCz8=" Size="65561"/><Block Hash="i85C/n2KcO54wW9kSWC0u41TAk+YTEm/UlR4xMb5xzE=" Size="65561"/><Block Hash="xnH0yiKFAgXi8Qf/fVgGqqtMnbaMel6Lzyt7VTdzi/U=" Size="65561"/><Block Hash="2SoWrJUfzWwfPUuBmZTvTPw+VFpIzQsnQ+2ndp7b/bY=" Size="65529"/><Block Hash="CXQGCuxFGf3rTXhphtpujsajzsNsdRe7kUGUjGzJrBQ=" Size="64786"/><Block Hash="7ZKdfrQWKk1l3R01nwe6mtCDeTCqsC5/bUMDPg4iKVY=" Size="65005"/><Block Hash="bOesUjBubpqgmKtW6L2Bea48XKOovuQAca7YtgWd1ys=" Size="65502"/><Block Hash="A1nJYGebvHfRogaN3VhmanGLeVug2ZRnVUrV6LDidPA=" Size="65224"/><Block Hash="tqxGOMhlyRNugvjPjVog45G9CgZSgTrRdjYZyId3FDQ=" Size="65561"/><Block Hash="lRIojNGTLevtpRw9pdHpNLCLeIKnSM0iFHPUkmfulHU=" Size="65561"/><Block Hash="bILWRSODSPt90Ft9Bo9FG6MuAUWy2fvfCzPbA0jiaJs=" Size="65551"/><Block Hash="Mu9eaATqcjSRBw3+fHttiN7MtgpPaIPa79bzOCDiGTg=" Size="65553"/><Block Hash="kTKLmmmGBY6E7tHPifTEkj63FZmn9peqfbTYdhR5NEs=" Size="65561"/><Block Hash="OOuJHf6Dou8na/2u+KkalaKLfESjyPbokdLJAUk9VVQ=" Size="65561"/><Block Hash="psgWQvGzh4sUHPLyhFol0Y5osj4YtTPkFktXvrNwvPs=" Size="65561"/><Block Hash="QFcLjQdj8TrCjHFFDnZ4gpkdJYwt6rQm+I1IPtCPyOk=" Size="65561"/><Block Hash="opIhimwhA3howfW5JFp6Yf0DuVzRSEDsfz2fnvakxzc=" Size="65541"/><Block Hash="B6BugCkPxj85fiEWCkOFq6QbvNXRewRbfOEIszqRUVo=" Size="65561"/><Block Hash="zKc6dT1QwqgTniau+O0KXqM9FGCiqffYZTMI8qcZe6c=" Size="65561"/><Block Hash="VMoKqHI4+FEPZ9D6ygYS/orr4cRRaYO8X+pYKsx2n6c=" Size="65561"/><Block Hash="8x3Vs6/EQEG6xyZhlnYyS879IJnzsL6hnkUhsYh5G/c=" Size="65561"/><Block Hash="uhmSLQIPXKg2N7hZovacT9fNrrU8iGMEzZz7AfKOveo=" Size="65561"/><Block Hash="3sDW5rpG2RY3SaeKXWRNYwP2GNPucqJFeYz7OXaIlyU=" Size="64558"/><Block Hash="BWwzfv5c94tExqucpwLeL2Vf4bZCDfCHoLFjEbmoeB0=" Size="65561"/><Block Hash="pUIVW17V3RZWuFdq3CANTWgh1qZk1OL9s8UDxZ4vUkg=" Size="63963"/><Block Hash="ovgFSTolhAe7y2saz1tV/WZ9U4yubXTKmYNMfhkd57U=" Size="61704"/><Block Hash="KiE1cJxckBBVF3pIRZzXC0cOxU38dG3qjgVetC7JpTo=" Size="65310"/><Block Hash="nnWa+07h5fCLmvGw9eWfiw8iZfebMPvqKCxxi71zcR0=" Size="65561"/><Block Hash="sS6tNbC/UO50JXllAxPeKb2oJ/14UjU9x8uq1GHbjRo=" Size="65561"/><Block Hash="UOg6zjGTitIwlyjupMpwHFQPT8s88a/kmNW8d6nEYf8=" Size="65561"/><Block Hash="fpudwyh0qmta1nF/U4abZmBmgdaAReFVO2V0mkBLA5E=" Size="65561"/><Block Hash="Yx+WcOOrETh4jDz7wyoU9QCTX7CfC4FMYcNsNfJQYqg=" Size="65561"/><Block Hash="YIwQd48I7SWBv+EYxXOh2DsnUY6F95sJzztcDSrmMFs=" Size="65378"/><Block Hash="G4OlWV8lz5olbUPPZFj3PlQXnrB9FrR4x9YY5gT0oos=" Size="65505"/><Block Hash="JAODRyNONFemSCM3tfIIACRowl6ns+ybyPBGNlrevVk=" Size="65561"/><Block Hash="szH5TFOEb0vICayQfeRQ25kVbjJF1NdjwXlCrEFj2/g=" Size="65370"/><Block Hash="C/gmm2cXBb/WXytXBgxjnF7MIda9br03HQbgU2a4gUc=" Size="65102"/><Block Hash="tUNyRczV0433SK+trdYXcs5fPyYdGP59odD7T9XcEqA=" Size="65561"/><Block Hash="tuPd3aSvi2ToMGXU6fRFkIFrpn59bExaWPJcAdKGSig=" Size="65561"/><Block Hash="VTdsISMm7K+O/wOYJvpIVFS8RsR/Qc2jYXYd7DEYPX0=" Size="65561"/><Block Hash="IiV5vTPfcu09hstaXva+zYkeN4LvV3t8/QpJwor1iyU=" Size="65561"/><Block Hash="am8pYPZlb9JS5F3NZIPPmj6/BiF2rBRCxosaWjjDc1o=" Size="65561"/><Block Hash="T65oz+POy8onQGm3h0apXzLpD7FFQW9C5A+8sQKW7fI=" Size="65561"/><Block Hash="1blQ0ve7eWtmuzA4MW5PPlEVZXotPlwCiRwzUQXVjkE=" Size="65547"/><Block Hash="EOpmzqb+icORayUekOWvt4g5rNsVM9M4yPPXDTWx1QM=" Size="65561"/><Block Hash="ZhAWSlyA24RhJtdzF8N8HrOpMZkiP920XpV0dqqYUrk=" Size="65561"/><Block Hash="nvwDtwV0yqTQEWSFvQcm93+mpNjLTw2QwUBExBvR4B8=" Size="65561"/><Block Hash="QUU16Yr+V3P3R9eKXwVduVJm4uolGA0QNtOliB/x074=" Size="65561"/><Block Hash="CeKn5OkXOyYaaFVnzG+NJFioqEeM2nNAe75LKdRP81o=" Size="65561"/><Block Hash="+8amHqjz0x4phYhiiMlXqyqV0A+yQ/eN9Clq2Julxxc=" Size="65561"/><Block Hash="MUjjN7teV/f/Xnn/id59HH56NDXTF5gc0+FzYIQhzAs=" Size="65561"/><Block Hash="ayViBZ0PmtDI2c4sTyPvHOV7TWdxL6hbx2OJ5kTz0Bw=" Size="65491"/><Block Hash="P04ndO6hHV0MDFo3jqtYgwbMPbN1NvxFkU3F1nCEiYk=" Size="65561"/><Block Hash="uSPtOInIDhcgnUxE94vExvKq+v6xexYZ54SQE/7RK8E=" Size="65372"/><Block Hash="9hiUKlfrkqqLJ9UsRu9zTcgi2RA6m+Kwx/mGa3UsVmY=" Size="65494"/><Block Hash="jl5acJjOXvLwMNbt6/NlHKQtCUZt2ycq/fCNFSPklV0=" Size="64754"/><Block Hash="Itk9Mmcvr+H3l5kEBT9v7ft7fOa+fxHJfTf0RwtGT8Y=" Size="64701"/><Block Hash="ZvwoE461Z7ELpFnD8Q+68rEG9OKGXwhQOjWU6TB2K5g=" Size="65253"/><Block Hash="HPlRI2AFXr3QxLs+BldeaQUxOE7aVXO/p0KScMsnpOg=" Size="65082"/><Block Hash="WpANKYml4dOdSp72oZHYxuk1oC/4nljzLdKLNmKwK/0=" Size="64859"/><Block Hash="VllLDHCNQMHdlgOOiyHXLrK6M1AoRASy2Rg/sO3b90U=" Size="65040"/><Block Hash="SboTRdHy5bkbt0yD6UDLfkIIAmwi/BLsZQQgCuUZjFI=" Size="65559"/><Block Hash="c8pe/GCpO9ya/PCCmk25pSJya9nO/IPL9xeL1Gs94wk=" Size="65561"/><Block Hash="KUAnUz0zQA4+S2Noqx9Xxjq4m9n15GsgmGPyjEC7cgg=" Size="65561"/><Block Hash="nrhDdbUxyYBVx016k65wqjsKzwsvKiK8IrUhAbWvpQI=" Size="65106"/><Block Hash="LlqJW+5X+62Ez4UggUVuVti3tKH1dRciOVsfteoZb54=" Size="65514"/><Block Hash="tZomRKbjGUmY40N0abs8saBKEOtiTE1otyxm0S6r/sg=" Size="65561"/><Block Hash="V6YsrlBSxl1FVsINkZN4frlpSRlw7k8exheFYM0bhr0=" Size="65561"/><Block Hash="j0tYFw1Hd5WkUm+D+Iql/RMOJP02BulbmNsD7jkgOoU=" Size="65437"/><Block Hash="UTeZ1tIDWjy5fEbSkUaHX3Fk7I6cfIXYoM/2Z3FrbCs=" Size="65561"/><Block Hash="wJnaOQg0Zyp8vMuC5Cr7qC799FiWuW+fSsjeioKzFp4=" Size="65561"/><Block Hash="HJItrZ2eTBviNZrHe8CMZrtA0av18uQph/tvEMRJ8R0=" Size="65561"/><Block Hash="bEiokP2PVUqCism/olrMFOZusxC9yseEt6ucZROtY6o=" Size="65398"/><Block Hash="b61zbRTzzW1Z7KdflJbmIHFkOJ3GTQQnWooUj+uOLFs=" Size="65411"/><Block Hash="CATwPNy9APD3UYvkhi3HOqkQACB/rWuN8SjtGDp6erk=" Size="65534"/><Block Hash="f4nAIeLsRr/mLMDtxtY/nfc0CLmZrcNYpj/cXc62Y3k=" Size="64568"/><Block Hash="K7Kd1Ijk9+w80xMDi872ynh85CI3uy5/vWbfAhhFE5E=" Size="64116"/><Block Hash="zoJxHp7FL8Bl1r4AyUa8MUZIKygEO828MjGzriHNLU4=" Size="64201"/><Block Hash="4U0S7MwyUlBWaXewaJ4/R5EiJvX2MNZEapZpKkqDzr4=" Size="56347"/><Block Hash="LwQp1lACI+Ybyz8GqdMgGsQ2VFviz10zYhMgFfWN7RU=" Size="65561"/><Block Hash="Qfg0qJ8GEZgL4XGNpMabRjeqbBsh4wbltCbfTVZLbKE=" Size="65375"/><Block Hash="OVPgkisC6pfNrWiUTT+UsKKUBNUcz9fMz1kXK+6Ewk0=" Size="65398"/><Block Hash="S4TqAESVYeKqDgP1MqVy3Z+6MOQzyl8eeYVfta3wD5A=" Size="65548"/><Block Hash="41lExR4SivSp7O+xQ5U5QVpFwFp5U+jEbfX10hCFvxQ=" Size="65487"/><Block Hash="x5pBtz5PCBSidhDc07Hbb1zeEFGIiFnhR6U/0olHwH4=" Size="65418"/><Block Hash="RG97i3TCDqaC1qV/1JuDZpFSe2GymiY2n4sIWczg/cM=" Size="65143"/><Block Hash="3dtletSPoxwXdUn0495g7siTGuDDNy/DPh+DvhDAMp0=" Size="65508"/><Block Hash="CfkzbaQLJ4kYN+K0RWQKht9y1tQ2D3iYXEax/N27+i4=" Size="65340"/><Block Hash="yp3Po0SX7NitL/2U8sF4lhdaCvayNCAueZiEYkd8BJA=" Size="65540"/><Block Hash="Q3mdD9DFHDkESjcJjU8vTzAQKTD40N83pmXtRL+rG44=" Size="65534"/><Block Hash="TXVp+qYlUOzc20tQWIqp/kZ9iTL8fJzxvQTdk10uZb4=" Size="65546"/><Block Hash="UralYg3p/4w+UVLMsNwCbC6CEeIZNNR16G8Hu8p/ia8=" Size="65395"/><Block Hash="Lwrl/7oZIZX5gE7TAvABwh9OyO1izGvQFejZJ1qbajY=" Size="65539"/><Block Hash="WHJINriKYFzI4gZ6eOLey9wSHxrth96M0+n8uXAWZ4w=" Size="65262"/><Block Hash="X0Hf55P1ciLt5kqfL3sSznG7k0OmJ63Yiy8DTTGlisQ=" Size="65486"/><Block Hash="Mmd9CiB0egypawB0USKgeB1r+0J5pXni/2YDcgzah4Q=" Size="65556"/><Block Hash="qIs2ToQNiXDhZSeMwBRJvoxYwhbV88JEFjnnTT2ANLg=" Size="64912"/><Block Hash="RSAVh2BB71LlH4LQyZIvQai0e8e8M7No7W08V0lTMgU=" Size="65470"/><Block Hash="eAY7+H1GAecLPZeviZ1+d5Yp+lJO3nL1IyO0tkHF0pE=" Size="65165"/><Block Hash="6INkHUBgHsp59FkICNdfaik2nFAZfi0eo7rnw41IqG0=" Size="65227"/><Block Hash="o5p51Y1IqpW58q2VHMspojAkw69rGj8NraKbhdL03as=" Size="65113"/><Block Hash="lqqbnYewnnHbBHVz1Y33wVpL87Fvl/OzhXKqKmsbrrs=" Size="65365"/><Block Hash="aWES8Hd39u4tBFv3gIQFVWdQiKFJfrWYibDfy82Vuws=" Size="65561"/><Block Hash="IwudGBNqc9Y+2kgLdVKuos0YIfcD97I93g1TK0bfX0U=" Size="65561"/><Block Hash="wtdW+1fnINarId5qEBVOtkMllq+TZ7Vsua2C5D85ogY=" Size="65561"/><Block Hash="68cAGDhivjB81tZU4gTVCEhw1M9kpCI+lUk1zcXLoc8=" Size="65561"/><Block Hash="ye1eh7NuRCLlZzM/a+j5NaAgWYYKais9uR+ROgx4drM=" Size="65561"/><Block Hash="PQzfDFq1dBEu8OTHdscm9AQiMtRw6dAtWO3Jl5sCcrI=" Size="65561"/><Block Hash="iSoP6Yn9FiB/Mh42Yky92O4xIiOYvqYMpipkYkKjyDI=" Size="65561"/><Block Hash="nCyHVp62Yl2gq6vGsvP+uMWaV2jSFbyVvQr6XKg+7MQ=" Size="65561"/><Block Hash="p4UZ1UPkNwHPt/pCCwrPEXlnSZtGLz0oeL1dne6fgu0=" Size="65561"/><Block Hash="DAwVjFfXLmHT5kY6Ek5OWU9L6z8RbRtxs5hfhpL0Rk4=" Size="65561"/><Block Hash="Ifa/BRWmvvmGuuoeU8kS6PaLlb/2kDb77RlqJ9S+Bp8=" Size="65561"/><Block Hash="hcCcyZLp7ycb+56WyFQ8kjxl3Pzy819mFzrDJXdTGC0=" Size="65561"/><Block Hash="hTENx/weoItkKBIBhuWD0zVKoAsnov8I6wKQsrsA2B8=" Size="65561"/><Block Hash="DFRisTuwBWRLox0ifHTfVihgEmxZQYdyNapgYtK2lDc=" Size="65561"/><Block Hash="GqiQFmzZLBYr8RLlbUSAqtZlNaFNMQTZyODfA2+91OE=" Size="65561"/><Block Hash="ZunAlkUFxj+LKlDJiHiXDGaVVfQyKJE1TDRHVI3JJCg=" Size="65561"/><Block Hash="1gPgOpPKDxQVC5xQ2CK9njgznuCZJqnEDI10SgBx9V0=" Size="65561"/><Block Hash="5ZPQqFl8QRZ1SS6Yxmu+PVN1f9N9ZPIvirSvGfRq3RU=" Size="65561"/><Block Hash="ATQoH5bLmdEulDZu611JzQyBXarcluov+dTau6JiTII=" Size="65561"/><Block Hash="Ft8o1wQAG6gYSJvFzXUMVhE8dxDkoiqGWgN1znrtGw8=" Size="65561"/><Block Hash="Dkg6nKi0Ok1xyMAVRi7tejCAQJg9FnGhVggKBc7NFME=" Size="65561"/><Block Hash="K0UQgvB5OasPsPL5eoNLBN1vtE7Op7vBjCgQkCkDxZY=" Size="65561"/><Block Hash="aWPbG9w/SX0NzIt83UpENzA5bgG6IkSo9NZQc2qL5LU=" Size="65561"/><Block Hash="8zGGpLIy6y4mAku8oLaoYo9nuKqppjX4jR+0laQ2OhI=" Size="65561"/><Block Hash="VPPKfMUpxUD21w8cmeZ/TvUeZ+f5A4C9Z41UyLiIeB4=" Size="65561"/><Block Hash="qifDejJViOFtIJL9itXIjG4E0IwBNNT1DQxlt9NR0VI=" Size="65561"/><Block Hash="zVRzb3TdFS2zatQu6b6a6qcdxEINf3A6/EEOUpseJ/Y=" Size="65561"/><Block Hash="7zj1faObxD0Cwj7ZacUCPEl2Q8jlJXF0ugrz1nlDqvM=" Size="65561"/><Block Hash="XFbJ7uqGGjeMM6w0FqBY8vrYqHlt3X0wxkMe+pPcAEo=" Size="65561"/><Block Hash="hX5Tj7nz8uEC5QpHQZVyyTRbMvrItw+vMg5x3o+llXY=" Size="65561"/><Block Hash="JbG8/hR7FJq9hRonqa4D4SRJCeKxYyDyVT+IL5z5K+w=" Size="65561"/><Block Hash="bZZvRn+ofedDyZOdeQJMB6LDlUyPbg7p/k0CwaI3l64=" Size="65561"/><Block Hash="n1p+SC3nGMfV3+/+DxX4tvmykz83MmgZ9/jKO/OFuo8=" Size="65561"/><Block Hash="CtIngBERWRzVLYnf5z2o6b13aE06uPAlhVi7lQQKuzo=" Size="65561"/><Block Hash="ZzyRG6pT76+46inKmZJ1TSqNGOdVT0FugOxDooTvYoc=" Size="65561"/><Block Hash="Ln4/++hm7QdVUcXY04eBYPhNh1H9fvGptYSY+D6wr1k=" Size="65561"/><Block Hash="o6FjjlNMIC65MP2OMj58+pUabYEXRNH8zLs1W8eDR/4=" Size="65561"/><Block Hash="vttTWmLfXxWhF3zeyzRXqPCMCh9nCCd4dlw2petzdsE=" Size="65561"/><Block Hash="3MCFa43zOVwLNgLkUI5FOcWQog7B/6el0jBpzTOUw5Q=" Size="65561"/><Block Hash="QT6ud4vpkSCTvsvt3Kigv4Y51DTz6kbD7Qhtd+etsCE=" Size="65561"/><Block Hash="aDa1XX5RVOiY7ESQNLmAcDrPFTg1PEWNg87vhi0pBKs=" Size="65561"/><Block Hash="EpnZ6K2UKYChlp5Z32ETW2On38z6ov95wfkXMT+x8lQ=" Size="65561"/><Block Hash="EGDGaWbSqpJ+ZJLXnVKwC3bsvKx7NAdjT8Wc3GjiyYs=" Size="65561"/><Block Hash="j7y6cnhlK9EaUjRXLvcxKfqLrh5oAXHmYXSCsgwXdBQ=" Size="65561"/><Block Hash="yLmjuSnEXfmgxzpiFBKc0wYCaPjuav3fn5UmQ4dn/OA=" Size="65561"/><Block Hash="KMNk1B0Bg9srhDlpTcYb9o5LjURxsDDGowuK3UMmHhk=" Size="65561"/><Block Hash="Krz/82+HKFHFzVOZ3/sCg4s20QBbwsBs+UZXQTWR+U4=" Size="65561"/><Block Hash="oBfBc0REWEg2IynbZxpGL7wotdSKB5E/QmgNGaOUQ0E=" Size="65469"/><Block Hash="fHimrdFkeweTjvg1zzQBBT/JniW0HBRH14KleNd1x+o=" Size="65537"/><Block Hash="1drf3wcKlEYP91vTO0Jg/ElPJwZaLLd3EXA/hk9fcuo=" Size="65561"/><Block Hash="xsQNtZiIKs/06DY3HMbN1dnApzSkb8zdCb7HcyeiVfc=" Size="65561"/><Block Hash="g6ZRvgTmC1+2bn4Bs5iowlFy0ITU388P8PGw/F32NL4=" Size="65561"/><Block Hash="w2XLma79+oh2m5PVuLcPZdJPBXpDn+dQezH1j8Ak5SA=" Size="65561"/><Block Hash="cXKa2UGbsHZ5cUr/qnYVGWwVb3wLU6i9nPIm4l5F3gw=" Size="65561"/><Block Hash="XS3P77viUx7bFSyhMXKEQgn9C+HIxuC2iwgPLCJoOLI=" Size="65561"/><Block Hash="OrU8EMNwvl6YCBDt9ul9SsY6NPj25ewL4FJJ6QRe9n8=" Size="65561"/><Block Hash="ihS83P5mXk9HOG+rzxO5WssfJhBZhi7o7bdPK9D+6is=" Size="65561"/><Block Hash="38gOEZzrlwp7O7u4qQMSy3mHSAodC42gF/jZuUA4kYY=" Size="65553"/><Block Hash="Hr29VEi1MVXUdqt1DhtBve0NoCRrZ/vM77ZwMjvW/s8=" Size="65561"/><Block Hash="u+5WLxGqtCfOtrvq9vVOwR4m8NbT30Rth7gqIs5a9Yk=" Size="65561"/><Block Hash="uKEnSpp+Z2OFZ6nz7or5D6hrYoqhyJZoSnCbTA2SGjY=" Size="61531"/><Block Hash="dwRJMDtXvZyFIfljrWSZBBEp48hvUMeHoMxpy6psUDI=" Size="63820"/><Block Hash="z8tIjwnToAG2UMXbOdGM514GRKjHjE/NwelFMgDxU1U=" Size="57811"/><Block Hash="V4Ctx2dNRIMvjEozI+rDYmr5QEqdvasAH6zHFeVWvd4=" Size="65561"/><Block Hash="Mkwspnso3sp19piBniPvouWECOkmXE8i7HI4U+jgNr0=" Size="65466"/><Block Hash="ybO4TYZ+wfPRFi7MRd7K+BL6u8Y1ZMAxLMOEmdZgxe8=" Size="65559"/><Block Hash="ad7TFPINWo+9jQhGGGY090wqIras/Nu7kJ4DEoW3kfU=" Size="65336"/><Block Hash="ySGjoKO0dtDnpM+W78W/kl1KUeIldn3qreXSzb6chLw=" Size="65557"/><Block Hash="kqYDhKfoNQpieVjBwUtqiHthBkY4USaMgvhSI1fuDu0=" Size="65561"/><Block Hash="aTLuwE9EzuJRjeTEYuKPfdKRuqjn1TaCb/p1NJWXplQ=" Size="65561"/><Block Hash="kitKCUKC5uUEnpZ8uGs49WV6YnegEoyvRsMqsiHhbco=" Size="65561"/><Block Hash="B8w2sOG8Ms7rDWq0AVL3ptUACWWt2N+Hw2/J2qm9ndk=" Size="65561"/><Block Hash="Sc5jbs778cdfReBX6WqNlankVurpAnFvHCMt1ML5SEI=" Size="65553"/><Block Hash="m1+wQrKHqNyGmSUlCUPgjdEsnTQc7U1QAaNb3GHTXik=" Size="65539"/><Block Hash="IgpeYD53JqSSQiUHxxRsCWh4MTrzBHZarFSsNAWxVCo=" Size="63296"/><Block Hash="O30DXD0tI5U602q8SBktwaFCduUU3zaBpkSq7vFqQVc=" Size="65541"/><Block Hash="lX9IbYSXvQ9PBaStXnsBzpR3HpG9Q9mbOtBs8uRliKk=" Size="64854"/><Block Hash="ESjifEs5TOFldXMp1Ndr+76bfAqs7dGQymXS6LL1MWM=" Size="64168"/><Block Hash="ryLKzuceGI3oNb6RrsGMjumEl+Q8Vjq0P23HJVCwjno=" Size="64544"/><Block Hash="cydg3Uayn04O1DfI3g0kOHh0u5rF6yRzXgYBbja3pJU=" Size="65121"/><Block Hash="bkNTY0+L0ckxsLp7UefeooMrJ/hatTjwUfGb+PcDRBE=" Size="65473"/><Block Hash="c3Lq2m8pkVWTkYtRiYkqWSC99w2f5W3bF96KQyw3mk0=" Size="65334"/><Block Hash="j3FW5HfKxWByHP+XS7UzWkf5cE5Z0kGzO1PO+CpFuuU=" Size="65493"/><Block Hash="4c2XAp1Wvj8Pb36UQqeuFPW5Uoh18P9aztaDxo2fUeU=" Size="65126"/><Block Hash="IrcGFe2vBiJehBZHytl44sUXg0PvMGZYgUUcGiteuYU=" Size="65545"/><Block Hash="iK0irSSvRm6j6FK+w1lJ7WA80X8ok0tOtenypY0N8Ro=" Size="64804"/><Block Hash="jZfno/pQwbFnzSFiZzDs0qLTdklSsbmwIqbHSX7N5AA=" Size="64790"/><Block Hash="IixepujNNMZJ403ZwMvgBZI5PdSnBn41biU72yFYqTc=" Size="65168"/><Block Hash="EhPwN6AiglyJyZ93OlwFuJK1/T7fuEHzjt5VS3TvKZ0=" Size="65552"/><Block Hash="sY0AL24TmhIMWKyr1i5nop/cdZURxbiUSv5XO9pFn8U=" Size="65553"/><Block Hash="KiZF1/P6VVMZ9dqlizmLuS8hQ3KSGTBaOVtYhet/Pec=" Size="65335"/><Block Hash="6APJsrGAP0JNZcKqHUi1Yq5FlDY6i7JS3GIJQyCdbvA=" Size="65555"/><Block Hash="O2QMz3f+6DblG5Ctbp+U6/1Io6jTSQx7DDEZHRHEd98=" Size="65542"/><Block Hash="vfFOJalM61ITHCDB8ixlxSsZFRGgVqbdoPbGPAFiGZ0=" Size="65561"/><Block Hash="VKemKoDchuKt4u0/xn9EjXsOxL62f+zdAw/XP0MZba4=" Size="65561"/><Block Hash="/aGHM56mW2AkcxLK1bYh81Rpd/c3k7L+ldvAeJBXMD4=" Size="65561"/><Block Hash="GFT1a/j6Ca4+xc6qaUXEM3Pw2DRBtApU5IEOLjybb8Y=" Size="65555"/><Block Hash="lCyuo6D6U2nXSnlBYG+F0ijBP2ydujRpuF84tcgTo7k=" Size="65541"/><Block Hash="jkGKDd2N/i+XJSiYCBj3r+AICww/lncZDxHCbPOAEps=" Size="65561"/><Block Hash="1t6WyXNI9G2duz08bLuhwAMGuFOYJcZ7HRiaeGyNKmQ=" Size="65118"/><Block Hash="GkR/kaJ1P0449/Rjnqxn5sYK4MCbYrUp+nFe/Yz+NEI=" Size="65561"/><Block Hash="ywqhtKbGuX72jkP1meIdhp4T7lvPq7iKtq3UVnMb1I8=" Size="65551"/><Block Hash="80V++2N29u/AGCfISLLdatEgRLz5WbHQ9RAK93LpuDI=" Size="65465"/><Block Hash="/bqmKnj2pwh2Wm/O03PkC4DakRVD6j0E22vjzf4YJNo=" Size="65469"/><Block Hash="j3g1M6DIk2vIIjrAeJgX3Wjr0eUjlLSIj2bHAQGLa+c=" Size="65184"/><Block Hash="VrMa5BdtfT3Kz3YcZWYYst7IiVw8q8DEVMpA8GtOsmk=" Size="65348"/><Block Hash="qfv/jYaJ5IuBSvvt8TmydEGNZnNFPSiDlKzElYhMs8I=" Size="65318"/><Block Hash="0TqgACZO3cGMORyhnCgHHSAWg5B7fjJ4B4Q8V9++LS0=" Size="65494"/><Block Hash="c40pc4XOrMHufAL0iaY0YEeoSC8fFP6QmIG7cog5dAc=" Size="65411"/><Block Hash="mt5Ou3gyWCaffl+GP35rX/cGtKx6IVkCLyl1UzGmN88=" Size="65516"/><Block Hash="Nncd4iB62+xVngFu7k6J6Z4F9SgP6Y42o/6g2iN/TnA=" Size="65561"/><Block Hash="SNsyXCjHW975A5C7TUhDWjFhAVnyGcX7Tc0GQfJtbQo=" Size="65357"/><Block Hash="/mu9S8IYSCknA2vLr+hbASkFSqAhS3nKHaSL+PLGj6A=" Size="65315"/><Block Hash="N3xkf0WFsKtSBMXY7CwSXb2SShx8z20rTEdh8xDchyc=" Size="65334"/><Block Hash="MiE9AWgrvX6quAM9RWXwu4pnrpjX6PJYlQY/skkRQk0=" Size="65499"/><Block Hash="qZbJ7m8sEidjuIbj01RJam+hIJNSDrA1ZDYvRL5ryOw=" Size="65315"/><Block Hash="q8dgC221IXpl1dYoJ5a8RGhWxbYj5xgzPQmeq14JpYI=" Size="65462"/><Block Hash="kF+k2c3QYFJCnR+pb7Cb/1mzP2BYrr7rwdxpGiV61BQ=" Size="65265"/><Block Hash="A67s64LzGtDrYeVbh4cA0r6I8MpR7n9HcRerDBCtqGI=" Size="65465"/><Block Hash="CgdM7OTRY4qi5udfxoiGevkhQYaiVlLsSOrY6bLMCFE=" Size="65543"/><Block Hash="U/wP1skU+omugJTG95R36hBx9qfbD6fkBXQpHw2A4qI=" Size="65473"/><Block Hash="c7wTF5Folle75FURJAYpHFAd8zRLtbS1UyPCp3YJ6yM=" Size="65399"/><Block Hash="gcPLWsTH4m2zN+xaxzHfdQsj1MeVz9PdFBMUrbl9rC0=" Size="65451"/><Block Hash="KOqMG3b003oTstt4uI3dVWNxV7uOy8dGOzJzOVkIyAQ=" Size="65286"/><Block Hash="7l90Vp3M7Cm3tm6bQNboy36ilwsw2UMs2/EHcxP4QbA=" Size="65546"/><Block Hash="29m5yPMUe2eA4yeqS7aR0XhUigU4vzgDndwtmZs1zJY=" Size="65471"/><Block Hash="huC/exwqRbvfJ36QbJVVT28Lvf/lvUl/WbZNX/F9VPM=" Size="65205"/><Block Hash="rvsSrHH5N+jsWNZ0Uj5mUm/2NIzlFG5FRWaKM2Y/rR0=" Size="65055"/><Block Hash="Svtm1uBDDnmobDLVUZEwSh0aRhIMJksSrdSQ1T1T2ts=" Size="65527"/><Block Hash="FV7qNmisMxfbOjp3jpBGEF/P98qItDkB6hZobtZWaEQ=" Size="64645"/><Block Hash="jIa+OQe3gfkkV1e43C+jvpAF/xXUmC5TX8H9ut9w3rI=" Size="65028"/><Block Hash="PqAhJKhOnWLrNN8kTgofXn+rW/GTaXJy9lON0j6Qa1A=" Size="65561"/><Block Hash="1ON/x6j9gvKtBxjqyzRvmK4K/02OtyUrHRKH2fTF+tU=" Size="65561"/><Block Hash="AgadWC5j1dTrqRiZEO7ge3LvaQPsUuMOB++anoVGez8=" Size="65512"/><Block Hash="1TMYC2NK1kTERd410mvlsYAS13pybb9SXGv9MjA4ia4=" Size="65235"/><Block Hash="2z6oE6gyOtcB1CYCtr1ryvXIt22nh/2QPS7ZG11owvE=" Size="65367"/><Block Hash="uPtQsnpiEYn8InB//u1tYvp7rmKo9MbKsbyGw2SGO5w=" Size="65101"/><Block Hash="t07YN1RQ5/QXvrb9eXlQzY5jrnW2Tih9jWxDYyxwOMc=" Size="65265"/><Block Hash="p5P8gwMkLmJcJolc8ScMEsTGVLs9Fw8UOx/RMFl/c/A=" Size="65457"/><Block Hash="qzTTTGCA/0zcdqTgSkoed/qMQoEgqPOCsHGjzRn4UeU=" Size="65455"/><Block Hash="Wv/gjepe86BKlgd945PySsRMCBhwlEhzQxbJCxv/Nns=" Size="65206"/><Block Hash="9wTDToOzRGs3+8vLbDlJUwRWmqjOsW1wkEqMXksTmL4=" Size="65447"/><Block Hash="6ImNB1IJauyrpZIKH90PDNavUZDoPU1LbjpTGesTP8g=" Size="65542"/><Block Hash="SPLaokoIj3+6mm7viVXqIlc9cxucBqWvsEbENxh8Cps=" Size="65561"/><Block Hash="3qImj6UPC1y98dhnKSQ0P1VOctHprmz3VMvHQnxx4KE=" Size="65561"/><Block Hash="0tlN8gv8iahPBWfMWzJxHtJa5Ach0ee0VXFTe14avzs=" Size="65561"/><Block Hash="w6i0+lzSyof+5OPwC6htIBonjZ6FGq/9ZJjFfCQebcg=" Size="65498"/><Block Hash="2pSHUMDfhTkhF5tBwLBPtnQEu6ULpowgkK2mqjBJg2Y=" Size="65552"/><Block Hash="7elA3G46GCfwyvr25qaf70WFVIDsf2KFSSPamxqZfzU=" Size="65561"/><Block Hash="QxPP8JzPE3i8aBsxH63UZmhY+RO0dShEBLkQ8Tthhx0=" Size="65561"/><Block Hash="H4balpvrGn+sJf85sHgsXyh6lQWo6bJw7fVDx4N0DVM=" Size="65561"/><Block Hash="mXYAVMI5+A4oWG3rejqg7d1SX8OhjmBHJ7ZEmKMY+TU=" Size="65561"/><Block Hash="JOg+gyeyU93jrcKIBpW8YSb08W64IFcKIyBzPsu8Ffo=" Size="65548"/><Block Hash="GQncpTrve6w62b4T85cVNT7dabT1vX0UbCVOk+QDddg=" Size="65561"/><Block Hash="6GnlfAeSTYKNfuPHH/PXjxAImvet7lfb60xMg1bWS6U=" Size="65561"/><Block Hash="HqJ5JKEYKNsy1chLCAI/PBUKAyavd6V5pHFn7jDwVio=" Size="65532"/><Block Hash="RuVnvZVxvTC6jPlUlrL7lb3C3DmtncxHOr0A8ABP7V0=" Size="65561"/><Block Hash="QHZ1g3MNFAEfSwY04QSxR4Kb+DFioMJkwaq/gKzWmsw=" Size="65252"/><Block Hash="WV/yBaVfq//3FODoXo+f0hl+N8VYDBQIOoHfknDB3Oo=" Size="65479"/><Block Hash="iwoWhLM7tQrmfi8PKSHJ9+ucQXDTMgE+7IlQIah5QFo=" Size="65561"/><Block Hash="QLshTTFfVoRHCUfOyynfTudWowiYNgNb/wtkaK0QRLU=" Size="65561"/><Block Hash="VucN4V+71Lqh99YMjJqJTywc5QwSjS7MdM0DOYPl8Hs=" Size="65561"/><Block Hash="dhkKM2bqtvYyCvBp4y1XeZowfm8CTwk1aUAOyc4LZfM=" Size="65561"/><Block Hash="YeLgyNXwoM+J478zui9Y1bW1jFvNyG22XmcrRW4r2CA=" Size="65248"/><Block Hash="sZ724oYqZlUDp/sdjzdp6W3ZOmwOWgAVU8VtEBotIxo=" Size="65561"/><Block Hash="HarwUAww2lX5ys2hcQ5T83ZF0ZwSbk+8wkkbCDjMf/s=" Size="65524"/><Block Hash="uQoqGbP7QvtfShkJyv2h5DKDbPWjofVcm2jDqWFC0Lw=" Size="65558"/><Block Hash="QORzYgECRAFzaOad0eJRqVbmUyJ7+ZRZ13RCoeokKR0=" Size="65561"/><Block Hash="fEElx2j2p9CLpZn/n93Mdru5HzmxxkFdUziOjSJWDqs=" Size="65537"/><Block Hash="HWY9LAj/3LeCfviDEIGeKqS+o5FBuGO4r6+ikYpH8qM=" Size="65561"/><Block Hash="ltaDx7UwRVtzhxMxSM03AhPjj2GVaQyrYRHsWq+xBA0=" Size="65561"/><Block Hash="la6RtGe8KF5MI2tS7FFS1MQm6sk5LUmaPi/TEHZhO7A=" Size="65483"/><Block Hash="aNczWhntA/ym5CCaX6DqURy7SlNuXOeKdbyS6WFV4Aw=" Size="65561"/><Block Hash="tVyTA60PHhGHwF1L6kRZXoU40s9K/PlWLG3ETxNl9GU=" Size="65558"/><Block Hash="VpVSVAVHVO5SXIgUoyHKmdGbST6Yy4d6j8MUua7BcFA=" Size="65561"/><Block Hash="uUbG/Env+u9Y1jF+LPlWaUVWkMnLvhBWqYssYG7iLPs=" Size="65561"/><Block Hash="QZlGAK8d3UGugRtyQVvtxuM855SeNvudhmlJ4ezUUDk=" Size="65561"/><Block Hash="U+663bYA1vmft+/MegTz2ZzwHL4nEVBPWgDeWUpjMN0=" Size="65561"/><Block Hash="Jjaa6+7aPcy0PU8FAtLTcIw6cYk9syqxQejk2pSIznU=" Size="65561"/><Block Hash="STdcHkAxdAuOCiLiW81YT/B+fmVz3mas3tqkH+T1Jjw=" Size="65561"/><Block Hash="Lm0goHuKoa65+KFl8LR5gopBsL+PP01i4gZzoxVnqEY=" Size="65554"/><Block Hash="UpeTWDXzJB193GBMkNJdNSn1vLYn+o5saXJGAMc5kT0=" Size="65561"/><Block Hash="BeZVusoX5X51VnYaVI3qhz4quHsXGoiTrlckvwlNS5U=" Size="65544"/><Block Hash="kyA3O5l/pbpTluCS5FJyF+aG3YTYDHB1Hj5Mst23ARo=" Size="65561"/><Block Hash="JD3mwdttZyd/UzUx6rCFa9ZB4X9IRj9ldWoJ8mumiy8=" Size="65561"/><Block Hash="NieDLjxeT6BCxz53UqrcS9U5BsFr1XNhNpgIrcc3k1c=" Size="65561"/><Block Hash="88nI/uUCHgd8O6lJT36wIFdHUfQWchtJ/EftNotPDfs=" Size="65561"/><Block Hash="g7kaGP8E9/xqxDBVZiXDytax7/NAZjmFdbnmncl7wGE=" Size="65561"/><Block Hash="raKbuyiywIHgLaxDqwqh/4qnMLtmVd2+SzbAUcKUMgA=" Size="65561"/><Block Hash="8LnDPyoY+xHr5rDjSNUJBqSoRMTo0oMNDpIGL2Y8cFo=" Size="65561"/><Block Hash="V19YPmqz+Efh2mEL0Kho+vDKQ974wRyDfjLilwg+Lis=" Size="65561"/><Block Hash="yc80JrywJbJaQUrJ52WOFt3tgDoKrGNXVxlMLhnwScI=" Size="65561"/><Block Hash="PyLwr1C2VPpEKRVT1A0zfCeZNvrotQGXQqWZYCS3WHU=" Size="65561"/><Block Hash="cccSUjlZyTFSa3BSk2+C7Mz/x9zr1TDYy7gpztihNdk=" Size="65357"/><Block Hash="dHglRKKrCSxJ99xwBWgI8rKd8mnqGgebzpIQf1PSJGQ=" Size="65543"/><Block Hash="2ApMhs6GKcVEXkG9cqdudIXUOqbqWaR+fN2RqKinaZw=" Size="65561"/><Block Hash="JgQ71UUv0Q71U9QkvGhMBkVsF3IhAarDCR5bT5ax+Mk=" Size="65561"/><Block Hash="2AmWdf/CaJgnDYKXW3bBgTbeSmhAVL/fmEzPmeCJttc=" Size="65561"/><Block Hash="5pijMg/RIsDb0bR9hLClzj5yhQ1yZ2dxDiCN2MBXZL4=" Size="65561"/><Block Hash="QEujR9aPDmNm5AmJNfGWC9EuuSy+X1aIi9xdJmkp72c=" Size="65561"/><Block Hash="MZsmmDp5shfnaAl6dYwBQkABmUNFnqTGyAwvmANtAwA=" Size="65561"/><Block Hash="hvSvIEX2gCKYjLNftMe6YDd9/7MxFwewu+XmWuObNF8=" Size="65561"/><Block Hash="bemsOEqUYhn8G5JQQk46+hc6/Vgoi1ueYocFVJOq8wQ=" Size="65561"/><Block Hash="rN4IOanQ7cdiXdaT5re03BY+002JzwO7sD/ZYZiJsfg=" Size="65561"/><Block Hash="/M/m4/wdl33egXRxasCCJX8W/Dqf7lsdjR/CEUBjWnc=" Size="65561"/><Block Hash="rFSpbHo2FRUNal+dfiieISfwqaWb0WwP48J9p+nFjik=" Size="65561"/><Block Hash="fiOQJsGZkn4wJgQ8/Ceg3P6MRQTxMXvSg1jBbEFd2Zw=" Size="65561"/><Block Hash="Al/6/XDPLpmldQWgvoVAB8gUCAJnYhTdYUdfbR1BoN4=" Size="65561"/><Block Hash="h/WORxlM0Dgb6PQPMn3NxoLNHtuxqr82d7Nd0f1PJkI=" Size="65561"/><Block Hash="cpKyyST7CldkLwyd4pOH0QqWUcPoLqAOVcO7MbyTVvU=" Size="65561"/><Block Hash="NlI6GnJ1k3aO1qLy3VDyZhaPePRLgxK2um11ZhcAxzI=" Size="65561"/><Block Hash="WWBFeOQ/qNd4s00yaejOHQNJ4cUi1bwHLEloasUaNgE=" Size="65555"/><Block Hash="xS+SSC9Fjg92+Vi4tDLrezFenDttqb+bcwQVJKFvCwU=" Size="65561"/><Block Hash="MBgzGgjm7PGhxAIsCOPcDdPJcnYsQVXvs5tU0WN2Pss=" Size="65561"/><Block Hash="ti42DF1SJko1q5Yk4NAUHNloyB7OoUNij5E/Hr17k9c=" Size="65561"/><Block Hash="0GQD1NJRIPAP6pwfkT4hWH8R7+Ztlz7bNtwDGl3zvqo=" Size="65538"/><Block Hash="LutlxzxEiLv9CeA1CQfGTYjDIWdjnm327IiaaVa9jCk=" Size="65561"/><Block Hash="qTo/ExdkiJzomUWwgW3kNc7mEVS1/IknqTHPqo8pWCI=" Size="65561"/><Block Hash="P9Q6Xu+YaKtSMnlFePGJiFbYHOdlMO5I6tbHx28e4OA=" Size="65554"/><Block Hash="lffSCMngMhhyZc7mXPTuWD+gby0WRjMaL5FSWjnO6iU=" Size="65561"/><Block Hash="xNdDitSbN5TZby2atpLP7F+uz+cRRkFecZZqn48JZQ0=" Size="65558"/><Block Hash="yotJA3YpJrClII2j21N3q9hfkYEiVEeV7a9V+85OmkQ=" Size="65561"/><Block Hash="W3dCvTH8o1NEK11ak79YPY8ybE7HftpoM7dUvodRk7o=" Size="65534"/><Block Hash="zd0uivvMSmkkBk+bBCCFwyA78yLzqh+z/NNjHtLIVnA=" Size="65553"/><Block Hash="OzlLrPZ72IHWqbcWL92xI9Cj/3A525OU+cx2gsTxGh0=" Size="65561"/><Block Hash="/WTUPVxtiMhV4mWpBpmTHzF6ILSPR75wIsBn/MLonGw=" Size="65543"/><Block Hash="JrwDiRyLnPywyCsuAHOsAp5RQCWtliYT2yl/nriLOPM=" Size="65561"/><Block Hash="v9NgRAzGZECNus70SJQPKhYpm8jRtH4mVmLtJYeqXDs=" Size="65561"/><Block Hash="Td2tPHVzM9mKEgAYDpupZkLygakgPvt5EObgarM1Cw0=" Size="65561"/><Block Hash="/YPyfnxQaIUv+V/YENxtpmc6uek7EHggqIkf3tVBFr0=" Size="65561"/><Block Hash="kf1CowT73fjF6pgvmgdWhrTVYywgYQpxQh3X9ToqS0Q=" Size="65363"/><Block Hash="W4HtRbn2wJhx1BRbGDoOWAr27UWcp66fKKuzlC1E7+M=" Size="64359"/><Block Hash="XJwBCUATStMOaAzVlObQ4bkMCt9xyfCr8SgkMQTl3D4=" Size="63312"/><Block Hash="TST5JmwZqUvMu2Tgu2CDw69CuSHeKnNNBY2yHBd1tAg=" Size="65363"/><Block Hash="icPwhVjKmcwxR7hwT/UJbbxk4yBi63Qz5Kw3Du7Y4YE=" Size="56605"/><Block Hash="Zp47rCUap/4iAUf67TPCWLnhKxPrE3MBMyfc3qKXmbk=" Size="65561"/><Block Hash="owWv1qCKA9Win602Jy0sTnA50HgPhD8pcfdX8wbiW1Q=" Size="65561"/><Block Hash="9fN4NCnWRLyejzNO/UyvDlLdAIJvzeTknOUqwSYhOTU=" Size="65561"/><Block Hash="14dyhTB0T+i0OlYRkfhruGPJEjAZF4wcg9aYlPshxRI=" Size="65219"/><Block Hash="aj311yZEZf5Ervj7wlHMTDM/mC6DSCNDnYX629mMby4=" Size="65216"/><Block Hash="AJImaQcAYZUUumZRawZkJSmWEXIe/3sG3/dDFfj5eyE=" Size="64929"/><Block Hash="C4WZ45JtVdAHp5w2NU01hmXV838e7eYtHNeqHbIeRbY=" Size="65328"/><Block Hash="O58WtrLMuIFPtKJzhwjg8F6KtvRtUBSoqsbtP6nvaW4=" Size="65350"/><Block Hash="F23H0hiwxDyKay3/Czi2ZJmdJAolRVxpwaJPgnmCgV0=" Size="63676"/><Block Hash="wMwk/MBb9Ds6o/ACcIBzG+YMQv+lRSHtWX9ExfLkpqU=" Size="63764"/><Block Hash="2YaA7xz9zoGJpl1pEs+dLwcASNviOaygE+8tBwrjoVM=" Size="63824"/><Block Hash="XQt/NP3B+evsxD7gRUUJVvKANInYjmirbGZT9GSy/ZQ=" Size="64999"/><Block Hash="NB5AU1G0YdbOHrXRvrxpTR5s9MOmc+NQwMdLoGzCUSI=" Size="63363"/><Block Hash="eIjoIQk7MYT9csm+y3o4QWPwRFjLn4BDUp9beTfVdvQ=" Size="65561"/><Block Hash="PP+D4MK5s5D/IpLbN7pufR+kFDqsf1jEl43QnF9xXlg=" Size="65543"/><Block Hash="VEKXKDv+KOUuEQQQG0G7sTT6n9mpi9iqT64uDIuCREk=" Size="65561"/><Block Hash="hhRph5ejsLw+ev3WNI0kIK4NUHQpW7gv/ap5TV3M/s4=" Size="65561"/><Block Hash="PVQqtV4y7Dakj1UD31eIaedIlxRiuhZd+KVIjHXm6ag=" Size="65561"/><Block Hash="sJ3v45XgiT6ad0E8ITZH7ZEAWY5Ra8J1CC6Afso8qkY=" Size="65554"/><Block Hash="L2ENlYGixyVN2ljQaZLhE5p0UYh6CFp4d56LcJaAFxQ=" Size="65561"/><Block Hash="nPQupDxT/2EA33yiZkLnaAoLSr22Ng/z+44xhEnRNgk=" Size="65561"/><Block Hash="52wPSoEGiFNPNVYDZRkGRNio1zdcK786UZC91kNz9qk=" Size="65561"/><Block Hash="ce4w98s/4ZtsAJVEQohUt4IClnGjP79oDwmqlMTEVvs=" Size="65561"/><Block Hash="vyCOavbZOES6JuwsDp1F9nEfzOX3SHyTG5YsuV949MI=" Size="65561"/><Block Hash="gkaH8Jic9R7gqrZsOIDdiOvMlJb9h8LWpcCP3AULmF4=" Size="65561"/><Block Hash="PtiXuz0iTxWtyWrjI63j9toeDkW4/7uMv4V1jhd4mno=" Size="65561"/><Block Hash="E8ZzFxe6XjDh0Vose4Iwrch2f7hIqtTRq9Ahfc5kzVo=" Size="65561"/><Block Hash="2UDIaXzTfmz4OGaMti4xyYkKTKZ+Jkp6AsYuvfnYKqY=" Size="65561"/><Block Hash="WAuOTqfW71l4mMIH4yJfTCzHwo+vk4t727ByJq0Ylv8=" Size="65561"/><Block Hash="yynx3I9RsCEO02CrUJss7PXpFhsZ48EwmD6asky1wu4=" Size="65561"/><Block Hash="JrI8DDjG1Bbh1TzRUCoafawqFgRCk7c0Kkc3N2SN2ow=" Size="65561"/><Block Hash="bDEhVEi7M5mHN69SKRUgt4PDn6crgRGrWuPFC7QapB4=" Size="65561"/><Block Hash="npSjxw/jJrirAg5I9SQjo5+DL7OGujtHqBH35KE1pIU=" Size="65561"/><Block Hash="KIshfCT0wF7Bk8upi3Uwf9YoSeMwe4n8PN4vE1Hqb/E=" Size="65561"/><Block Hash="SZF0myszmrEqYCPROdr1JhjsBxsCWwd7Wmi1Q3/kTMs=" Size="65561"/><Block Hash="IFiCVhvske5hE55hMcvlUUy4+7VwIvfQw9NqvJ3lmUU=" Size="65561"/><Block Hash="8EakFh27WF4pFq07YIWzNMPVGiILAVVfQkngSmul00E=" Size="65521"/><Block Hash="c9171L6XqWVCSprj6zUrUYv9vhLuFKP/aq1WAmWcgeg=" Size="65561"/><Block Hash="RM0upmJs44i1k52x8TH0h88LtdYwfqwSAF6e9YigAsM=" Size="65514"/><Block Hash="jiF+dQvc3+at/+UrH7DhVGq8YR5xIuEO88lBWKWk1mU=" Size="65561"/><Block Hash="mvhEQQmXmgXBqgP/E2DyHlNdcDx2febMk7Z0RwZNlCo=" Size="65561"/><Block Hash="xTsEn+0Qa0OrZs3paCA0V3zalCw/59Z/Y2lbe39Iqnw=" Size="65561"/><Block Hash="UIhZOnTIXlpyKriCEMErr9HtmkSGNYLX7Lx2jKRS2/I=" Size="65052"/><Block Hash="Wggp+dWoOlsBmT8hoXNeWjgzQm6Y392uvwYeAQE3vwc=" Size="65561"/><Block Hash="mcFNWxaQr2YYnWbkUC9iqMpC1NIyQmKfIPO7UAMnQgQ=" Size="65561"/><Block Hash="rITI7dwciss1ovtLoA64vIqs7zq4YTPV6bFa6cdgiNM=" Size="65561"/><Block Hash="7pMpSldeDBfYh47LRdmfPvfIlHwFdxR6MDkzFbTXlnI=" Size="65360"/><Block Hash="y/tkKQDUaKCGOy4AbVOQE11a6sk8dl/ujRZ9HzZ8kz0=" Size="65561"/><Block Hash="KpMscMnYhJsIAbXHR2ZwDw478VYb7hd0iKSH2E4/80w=" Size="65561"/><Block Hash="nhbLNEcmcRvkN8iLf9GwSycMooccp4Qv+kDKnP9gBxM=" Size="65561"/><Block Hash="QoT1tx4+77P/L/hQ1qUI39JKKSw5GogphIy7Oi435e4=" Size="65561"/><Block Hash="D1iEWZ428QHUFfu5qTvRxbnz3QLR8IAAlTPblAbxT/o=" Size="65561"/><Block Hash="qpcUmF8xP3YhkEhRCcr4/ANMz2KO//nyspuLQoVn9qI=" Size="65561"/><Block Hash="Cwhl6+l91XHSOcmYMKT9neEmwgP8/eQQpCQJPNEvZkQ=" Size="65561"/><Block Hash="j+GNE7XBoIPKtFthBRPRd3n0l0v5D4Mt7KP9x8br5f0=" Size="65561"/><Block Hash="hUy/c0lNenkuRhBaEpYkk16xQNSjGh4Nrwb+DXjfp6Q=" Size="65561"/><Block Hash="6/xDcvse5ZYtv62OKm+ZjoAPhmjJClYFlIXNaFUNeEg=" Size="65561"/><Block Hash="AbYUj2+znPuZHYyWh6r+xpTiZ5OIVmojEbMyqPdUfBc=" Size="65561"/><Block Hash="nUjbS24fZMewtOP5Wwm6An+lshM2lKWwzUHStpZv9ao=" Size="65561"/><Block Hash="2JzCC0iEUfEcXuU+0AhCvXuqQmI7tiEEr5idPTK6jWI=" Size="65561"/><Block Hash="xMVcEZmtbz0OdmaQPKzkcK038nl+qS4Aayf7bGeTPLI=" Size="65561"/><Block Hash="ZCailDkMSZcG0zsh5ee/wJMDe2IPO3/I2WI9Npz3xHM=" Size="65561"/><Block Hash="2vjdtZ9ccut2W4s570p/O+N5gnieACUi+PxEB9Fnsao=" Size="65561"/><Block Hash="PIL16E9vOc6c4uCGZgbg+woXbFwxbS2oEpy2AmeOd1M=" Size="65377"/><Block Hash="Na0uEyi6DdZRXMaHjXZs2pbMoqdS1VS2H/7wCRpNtoM=" Size="65561"/><Block Hash="YS+MipF+dXp7uu+kd5Br31kTCqTwEc6YA1ePSJC2g/E=" Size="65163"/><Block Hash="/HUBUj3X+WLeeQE30XyplxFuQNZ07YGS1seLzpuCZvs=" Size="65379"/><Block Hash="X17VcZA18iq+C37rJLAC9jaju96cerRQYg5G9Lc41Wc=" Size="65488"/><Block Hash="OI3ZP8VbdjZpZtb8u7hdLFBOVEaqb0yEc/SAWGO/klw=" Size="65513"/><Block Hash="8dqvRVJVUfpjLAMgwU1qlT9vKWT9PUvSPZw/jIpyjYY=" Size="65544"/><Block Hash="ps9ynA8hC3B7xWkvPNVTpLknKUA56JWxdDQ0rpxkw5w=" Size="65561"/><Block Hash="ycpiSxNaIHzpaz/IZ8Qlshwfn6uQWfTBUUmCzgCldOU=" Size="65540"/><Block Hash="iNUWKI8ObAFfCg19QOhOkr3vKL6UeSkG9DgGferC5NI=" Size="65549"/><Block Hash="dod6mvaLuZ0u00UMBhkfxc5PJamQxxEgRM1M4rnayFk=" Size="65554"/><Block Hash="FM7MiyOmFd1q+5W0S+UkwbhUGI7ojgd3QXzF+mtbe+Y=" Size="65561"/><Block Hash="85oVXfOcnkTG9EgUpxscGhKLwMjJZ1U/zwV2Xoeyy24=" Size="65158"/><Block Hash="DbZPPbPCtNQ64SzOlGaVb0eELM/bCfDUbWdZrXWbdYg=" Size="65337"/><Block Hash="AOiA7Wo8h8VwwEK4iXtPZQP/zsuvyqYLyNKOJ2zEbEk=" Size="63714"/><Block Hash="h+AYMW8iWeTIIbgXHd3Z8cNQplMdFHHVxVN/G5LFGqI=" Size="64777"/><Block Hash="oVtxF6Ep7ZjqvN6VhBXLBkGIdoawbGJMq8HO8b1fW6k=" Size="63033"/><Block Hash="tl7jYCYmx8cvtvztErQ7fGONtW9NShU+I3KEqGHJ4h4=" Size="65561"/><Block Hash="i5sjuQwS9bC+rhpLaujjJzEZAJ2xnBNqYDV1yPtFtTo=" Size="65561"/><Block Hash="DJ5w8367vazfRDqiZlQkV8yyVZYgxqMfIFoE5Sx+aU4=" Size="65390"/><Block Hash="7lbVi+tFo7d2Tfx4GP4VmC54bb7XM/csDG2X5rkKnio=" Size="65512"/><Block Hash="NUOmI+8IOzzmgZIm3O4geSW3Ou8dCaUc0pIRbyQcNSo=" Size="65503"/><Block Hash="awUZAgY/QOBmWY7oYsJOp2Gv3YPQc1zHGYbeKBCLsGA=" Size="58173"/><Block Hash="VA2JUq7cuEi3NkrY9OgwIuWybeO7IclZyn1FU2bYo/o=" Size="65511"/><Block Hash="UuCWnDnvdvZLG7Ve2kRiQdWNGf8iSeZC1x2PVOVJFsg=" Size="64974"/><Block Hash="dRubOg6tFbCbCyV2P4GUbmouJOfDk/rCLSqlOvz53J4=" Size="65561"/><Block Hash="FyieNGZ4skAXKCHazrUsx6zZSf0AjXJR0kqHVL7c+j4=" Size="65330"/><Block Hash="JHNiQKy0vbcpVrjkG6btBF7z324yW8rrFAAxETZNfmA=" Size="64917"/><Block Hash="UAaaYPJSP/yr1v+wpwrx/JcqD41/6s8eNgUuwK1eUBw=" Size="65404"/><Block Hash="yr06oSirrnPLp1jzGLt0hIXYHXPe1aZfv7DjfI1BDsI=" Size="65465"/><Block Hash="X8o/eIqqEhUCihYitzm0SmTppECEdtAjl2WtNpCkSQY=" Size="65507"/><Block Hash="StyS6PQVdCqsH0PnZ1it6ogm2d74sLdxiH+1eOppYu4=" Size="65561"/><Block Hash="UXGv3RP47dueZuhVMoJ1vKQFiTPYPy0T3gpzETa0ub0=" Size="65400"/><Block Hash="B65krGmyWJ/pD3hScOxNm31317gb87Fqe3p1OEaRxRc=" Size="65529"/><Block Hash="n/yKClIAMXnw7f+DZySBBmrTn+APviG+0MGz0xFKcDw=" Size="64905"/><Block Hash="RZwBamI/8u5FfRawaACdDS7KQQdZd8fS0ZC2I+QGsO8=" Size="65524"/><Block Hash="Cpfqgcf+cxTkeFxvN3OgW5IXIoVchlR1cegftbMCkFg=" Size="65561"/><Block Hash="LTdTBhexflHdMhVZiaA7yNRCUyVBFQMqPIzGkWoz0EQ=" Size="65091"/><Block Hash="jOkOgvejxWL5xoHNVhYzFZNlvL4+WKbHEcqFwA0wZ0w=" Size="65547"/><Block Hash="flNRyT4iKJ0tDD1BWQBeCZTUF6Ggz7oRgbiU/V7H7QU=" Size="65390"/><Block Hash="LBl5RjsL7pc8bdsa2xmoOuQa2DgX0Cfi1HGwaM++aAM=" Size="64417"/><Block Hash="RHeJo17+QpZkS/AEnHFAaq9EDO1iZNz4ALFxMvt25Uw=" Size="65359"/><Block Hash="3wAQat5+OraUQuGQ2CvwJxzeTCoAz0LEvdMsVtT1aZs=" Size="63536"/><Block Hash="FGpohnXKHO2Cb13EvFs8JH9QLcK4lpAmFR67UOc/VEA=" Size="65561"/><Block Hash="vCGkWfiSe9KbUlD/0gp3Ti1iI4wrUJv1V60Zb7gvn2k=" Size="64809"/><Block Hash="TJI3yszGjCfOJ+rU6FT7UmqejVBGd5yMxsSNpcKE+J4=" Size="64535"/><Block Hash="JCdV+gpfb92Z8R5ZkxZZUw3Z/X9Smjjj8q7Udldq0Qk=" Size="65491"/><Block Hash="rTmNlAdGfBgr5UKM2tv5YCZ1m4OoJjiQ+Dit0MzRCLE=" Size="65561"/><Block Hash="UgUcn1Hb46BdG7eCt7zpBSQ7p4TXR8Qv6zPbIUQB1Ho=" Size="65561"/><Block Hash="Si92EdkAwhfS3133WASaq10f2MnufpO3ZATjmifg1ww=" Size="65119"/><Block Hash="hjnXDAMMoTgLPKA77bLSqizeOuOjpLD48oN7Q97Yr7I=" Size="65122"/><Block Hash="/6YcSOR3BhAI+nARzbwANYGu4gvBQzU4hP2oogHQ8Ic=" Size="64629"/><Block Hash="lxbfJO9OcUk1MlVe9Pg5zW8ZBaO4RHfhwM7/W9KpWb0=" Size="65561"/><Block Hash="/G528NFK7VI5CC1d3c6KR4Pp3MkPOTeXUkvTFsw+vSg=" Size="65347"/><Block Hash="+Pnd2Gx6e2G/JIEEkuGHu8UjtbnuI0Clcz5KMg9FDKI=" Size="65415"/><Block Hash="Qz2rMXCJL4jS4K16MtrpqtWnXDdix+CpEVebJkRzyQA=" Size="64780"/><Block Hash="EsVNqpE32IlpHasDiKklXXXOL/81sDla0w2l64bKsag=" Size="65561"/><Block Hash="S3FPspUi2aiJKQqRrlWXafqb3yRpytkNYwnF+p1v0ak=" Size="65458"/><Block Hash="m6HGB7YT1jsnwDvK/N1xrzid//9dikkMIq/4F+8PSOY=" Size="56794"/><Block Hash="tqUrX7P54I7cZjuf72PbnCF6yOsH4rRf8ayBJaNXl38=" Size="65488"/><Block Hash="oc2tK+Dm7IuArMo0dzcu1NUXmGmj6zMrBro+Zpag8gw=" Size="65466"/><Block Hash="T2QkCfaeDRsX6PaMH/Vp4d2FN/XxgnSmvz+0wk1oqJQ=" Size="64503"/><Block Hash="DoGnAdn5nw+R6UQ5aKqE2y/HTK6agC+CFP+cLE+xHBU=" Size="65556"/><Block Hash="W+qrtzvci0GyskeqrSHjsOVVtZx3lRuTV9e9jIQWWOs=" Size="62863"/><Block Hash="INZkSVs+xKhISp6GlJooTmdAqX0MFjibVZ+gpI2JXn8=" Size="49517"/><Block Hash="Ak15lAh1pLea/agz9x8iTe+dqAXr1RPXBVyhWI2gBO4=" Size="65527"/><Block Hash="PTNXV/A0xFROzVc9szWjGK4nJxc0GEKoQt+MguuPo6g=" Size="65561"/><Block Hash="QcZeRVlL8uHy+BZBk3bM7ouFnB5NUE6ueWVWrxPY/5o=" Size="65561"/><Block Hash="/j51jDyRQY/kl/5NzPpg8WU5ZfnmY3Pxk0Zbh1p0FV0=" Size="65561"/><Block Hash="YTI/s7Co5P31W8bxTIIFfu39kDtiIW/Blp9rPCefqk4=" Size="65561"/><Block Hash="X2+U9F6xteB+puL4z+04wxgQM2fw0Y3scRrk3vELby8=" Size="55406"/><Block Hash="cEUSH+ftgIogIOYIiYJyFSZL9/fPMrBa2h4vTKaM+oE=" Size="64846"/><Block Hash="ZXczGH6PWrKk8BEEzLawfIJTgqsqTVJ/Tbd2QFhmgGk=" Size="65561"/><Block Hash="8ls5Fb2OI4JAOy7rpcpDiKttnPMdX+KNcUSwoTlmbcE=" Size="65561"/><Block Hash="IHyHip+Zu+/zdt3AFHFo1fgsKaWB7PLfU0Bx5XoZcBQ=" Size="65561"/><Block Hash="e3jISa1uDSa5k4fG5HjqZ9K0aGYbaXbMOW6HrGyJh68=" Size="65561"/><Block Hash="B90auMOUdPM7qgslZ13cCc9dEkp3lmQQT+rSI/ZX4B8=" Size="65561"/><Block Hash="tH+aR/w4OTJkavL8ejLyzikQXO7IXyS1wJO4bFkXkVI=" Size="65561"/><Block Hash="eT6iXzN93WsvGoI170u/4Hlvj5DcqWl6COzgs32NnXQ=" Size="65561"/><Block Hash="Hl4x1Ze2G0CzmbwABdN1SzhNXN+4wDQbIJdMbe3EJEE=" Size="65561"/><Block Hash="+Jnli337c1mBeqnF84F9tZ1Kk2BhvZogEaC8psSWjh8=" Size="65561"/><Block Hash="HwX7CBJP1S7oVPMqdXNBMI4ST7Q5gwRKMEZUugSRLqI=" Size="65561"/><Block Hash="NT0Kq1VeZHMhnmJzcKh4sC506N85WMCzol25q0gNWwI=" Size="65561"/><Block Hash="cRrnUMjsnJta5eqN+w0ioSSAKO+uxqBysVXBro+Wj7I=" Size="65561"/><Block Hash="I/dDf+PCi5Qot2Mljv+zvyu0HHOQjgMMKiQDDqLIqOQ=" Size="65561"/><Block Hash="Eunf+5yO7li9Qtwlta/sfpn90OkJ34ZLJsC9EMmGlf4=" Size="65561"/><Block Hash="6AT+Ha7uVLKdRt8G3g1xWoH3U3pyrpevpcnLavWN/ZM=" Size="65561"/><Block Hash="rBllieLUS+YKtDjjTlY8+DIXUKiBOR9ubI7omy4U9MU=" Size="65561"/><Block Hash="d1rgqkugkKEkXc3RajCSAl9M1CIVpgzHBI1A/D1H3lE=" Size="60447"/><Block Hash="lJpgP/Yd1YWJYaBKBnFuRqFdEUl0UaD7oxqpAk0t49A=" Size="65401"/><Block Hash="Rw/8r1lQLpe81+/YjzX3zAjOpvCC5F16Bi4BjjFG6Tc=" Size="65561"/><Block Hash="u0eSZw9vcleyCWpalVTFdBPJ8aZlEXLzZsExmslo+jI=" Size="65561"/><Block Hash="7iP8bgA/LEMeO30Qlu2c4sbx9NfQIF7WfSQzDbdhoW0=" Size="65561"/><Block Hash="8uzT+Ilfhetp9nG7a2MjbHc+ynk01r+gcC9G4I92JXM=" Size="65561"/><Block Hash="pNToOAQUz4pkssZu8KPsfOf+RvdaOdGdu15ZuZEYsfc=" Size="64561"/><Block Hash="jysoUtYX4Ek4kkvR1CzkbtKpNhvwdfe1TuezARKnzPo=" Size="65485"/><Block Hash="BAsO4netokc/9dwqAgCpL6H06yumxXzftQ5aqmbx+ww=" Size="64521"/><Block Hash="TMx64W8qhIsqW1TywUxKhTmmsGZlaUg8229Nj9tKNnc=" Size="65561"/><Block Hash="CAyE2bV3bsIny21wnHxLdu+KhfXDijRhxWM10vHl9Hs=" Size="65561"/><Block Hash="ZF0Mw+3gqQMAHQ4j+o5CMO4TyPJHx2/hCoKxDq5BqSA=" Size="65561"/><Block Hash="h8lc2QGY3vRbU0nNp4eOlN0E8YX4fBGGATOYbIMU7fE=" Size="65561"/><Block Hash="ok6F6h52kQ5pc4JLiDVvgdHYJaZ41Q2vzdHmWJUTjrc=" Size="41027"/><Block Hash="Xtgb5m+W/ISWqpVHygVqyPQ/wdf9zh+Jurptk1yQuQQ=" Size="65313"/><Block Hash="5qgOFzIg2C8kphjByZVz7Z4FJRTibeaGwJaEuPIp6m0=" Size="65341"/><Block Hash="0iB88PmB030A5xua11cV3jiEbITI+77Ztup2AyIPVjM=" Size="65443"/><Block Hash="o1mzGMFDifv1ZDFsTiZNyX607rfI6RLo/RpeZMwaPBs=" Size="62127"/><Block Hash="biPM47UQb3Sp+JQ6byJPyo4BjexOU1L7R8mJ67H15cE=" Size="65561"/><Block Hash="xMYrseVx1iJpkYGVcdKyv9tho9JHFbX0M/IhU+XShiY=" Size="62968"/><Block Hash="HsYNAOkgCxDKSWEkoxm3r8ER93UcNzjRdgH/pe8PEbo=" Size="64203"/><Block Hash="Y5IFZJnzGGO1P2BY+oombKedkAdL+JKLbQvJeUFW3VU=" Size="65561"/><Block Hash="Wg6DlUsliJ3uF33c+SfGh7yAn+VIwrF91DXLI0bZnys=" Size="65421"/><Block Hash="2t8FdAYbZBvj6pzWxCHXqXTaYNRL1cnYW+7xAl63vKE=" Size="65477"/><Block Hash="luhkihtKPv+7cJrE2H0Aq6SLz9h+VOhvNJ85pYb8KGk=" Size="65561"/><Block Hash="Klx9NleeAId7/bMHEvE22fNyxXTINze0K6lHe5pjtjY=" Size="57870"/><Block Hash="SyAHw832B0nVTe2k82IhH788j+1BZCFcDJVQAJz2N+4=" Size="64503"/><Block Hash="YJvoLZ4Mo05L/0dT34oSRJ1VarSfoxqtNPSHWs6OVw8=" Size="65360"/><Block Hash="79LJRaUVZYURfJLb8N0B4g9Ps6+FGloXCrLTDeET00Q=" Size="65365"/><Block Hash="jha+sLOsXp53gXVM5TPYfVBuMz62qtbtLEO62kW6W8A=" Size="64253"/><Block Hash="2jIghmeXnpz+1xXQDfaH9nK6kAYx/4oHFue4WsdVIvE=" Size="65086"/><Block Hash="jHhShGFP/W4fjKuTERhQcoSCRK9li+4R0qDrA+5A8+o=" Size="65399"/><Block Hash="mt1DSB52VHJ/neQljehoch0/w6MIxilfQePWrDaGYTY=" Size="65542"/><Block Hash="lHDAmtZPtCNe77VnyoXhsywyxvPyBKnniocO5L65du0=" Size="64567"/><Block Hash="C8PwaC8JmZxR+Z1ivVcoteDjvJzAYqvB5W8JUiFDBJI=" Size="65461"/><Block Hash="W46MkjV8cyWzTaD0P4i5gzCf1kS9RBEJ9udD28dOLcQ=" Size="65221"/><Block Hash="1yCkImNyl5sClwT/4kEd0fFZxOcgUMe7g5nR8zkh1Hw=" Size="65248"/><Block Hash="ADKifsCJb/o36uPspZX7hGVKsT+NwcZRK3SztaerGL4=" Size="65465"/><Block Hash="IlCr0EnjlWojf7gvMaDhC1nw8FG3i2ndF8DNDxk75b8=" Size="65388"/><Block Hash="fF/3I2WnjCjLroMXGSeoFx1SIZOKs2RDb1k3hrFDkWI=" Size="64119"/><Block Hash="79ePJUhA3Ayn0BpNoHgbW3E22EMbsX7bkX2PXjpac2A=" Size="65561"/><Block Hash="KjRJ8F1iFq6AHR/aW2ayAu2hVsLxPUVyY4BSBUaWHBU=" Size="63263"/><Block Hash="f5sLQT3ShZQArpXzEh/UACJoj5OQdzslqoqoBTotyMk=" Size="65561"/><Block Hash="J02WDn7BwDK5CY1K9ymoWT4sVnVtdnjOxtek3yAKBEs=" Size="65561"/><Block Hash="3JEucNhBZLFqsW9Y6iKtB5Z/wlRpJapNasgRNIqQDFE=" Size="65561"/><Block Hash="XZcZL5S1KoFmVAFl+JWSHeXWFh8HONfky1/DYE3C44o=" Size="62813"/><Block Hash="9brVHHTEWsR4BcqaI7g++h8MLM+8XJ+DeAfu+BUER+0=" Size="65561"/><Block Hash="MnIRpy1u8ih5psvJB5eil0nQR8WfaCxOmjU7XRE/1bE=" Size="65561"/><Block Hash="oLA+SDWIhtzPUll2rHYH2h/Mg3BDYWlvl5ogc0+6m1I=" Size="65561"/><Block Hash="U0f3WKneK2v0voPsZKojaLWREpzEcQ2HrWZPi45znIc=" Size="65561"/><Block Hash="gH8RqKMDdYwynKMaOsOOFkT6+/aHNtXeP9+/Rc4aGlI=" Size="65561"/><Block Hash="TH7CNSD8oJSKFyf9P4AegEDJpiknS11imR9r2qSoBqg=" Size="65561"/><Block Hash="9XvrCW4q/1gPC+KYyH+Sehs+0/6O4Z88WZAEJooE0VE=" Size="65504"/><Block Hash="F9k6qkWRIkEiEMTVwo62GEwEnpYiMq9i41DMxp3c3Qs=" Size="64196"/><Block Hash="Ha92f+Aroe5H/uJFRFecpWCZITihZkbXgCQgaPT+39c=" Size="64301"/><Block Hash="h64H0l5FnGTn4awLNsUqrajAIA6MoofKV+IOl8HWACw=" Size="65119"/><Block Hash="u4UtSZ61X7W4UFH5X5WqDb5fDUyjB+PhsyDlwfzBACk=" Size="65188"/><Block Hash="BSgeSmnLhJ+myrN5qNUXN4Guc6J8qTuEz+ndQ7X8Dw4=" Size="65561"/><Block Hash="CAJV7b/PjuSSxJfULsmX7c9sKt6bidLZQoV16lyQKnI=" Size="65451"/><Block Hash="wz9o+GKpf83Q0asrxIlS4niMa0KuhhuTnl6ZhlvAe4E=" Size="65097"/><Block Hash="VLhLb6YsfpYDLapFnaK15QXirjJ8dXv99/6LjelXGHY=" Size="64578"/><Block Hash="iuj7ktSn1f7boqdIfk9b+IkcIqg37yxMbLJMqDzOoU0=" Size="65561"/><Block Hash="5DptmARR90yHvq43YfGl1rOh3mkQ94swzIpLBGtS42o=" Size="65561"/><Block Hash="Mi+2Q5IhTah/8f3YpPeT5uX2yGZGWMjpF5Nm+qjd0uA=" Size="65541"/><Block Hash="enPAr1B3PPn4f7hdpOCq02iw604vgkoA/qKnvXKjjD0=" Size="64777"/><Block Hash="iv6XHvwwAS95zIVc8r4BSHswv37Xg6Wf6n2Fh1Nszjs=" Size="64926"/><Block Hash="miBfmMF4ymF2d16IShwcA0hDHDXO9cvaIbXv2tXpOWE=" Size="64570"/><Block Hash="ORpZJWV5XHqELaFVHHEFhUlpa0EJggSTRMBbbqVkz6c=" Size="65561"/><Block Hash="RLYhkrO7rVn34Zf08qZ9qQTu6lNAolCJFa1m1R465N0=" Size="65561"/><Block Hash="UI1AT9YEIR7T1ydrxiaKSpRgd04vlZrpjp6HsD5DZ+A=" Size="65561"/><Block Hash="LlKdJys5fqt98JPaOnrgGCZt5mLEAhBSENG7o58l10s=" Size="65561"/><Block Hash="FrNz95t/d4fY3O87aEIMiVoQO7lxwgKWttcDGzSXE7k=" Size="65561"/><Block Hash="yRlWfKSNfKmvqVdjJvfPDCr/IU4MbAF08lh4NBHdjRk=" Size="65561"/><Block Hash="NOGSQ6gByhiz/upQsW2Xw8x74aMNnjvsjcALuJYR76U=" Size="65561"/><Block Hash="sHJIL1+6IFEYflb/3hNNAlQ0J758J5V2Q7JXHp0eNaY=" Size="65561"/><Block Hash="Rvl4JEMPAfJXcktHBXuhkuyBhYddtLOj3L154/K2yYo=" Size="65561"/><Block Hash="ktpvU3casSEEv8J7o6PGW7WdqorDvqK+Tlqy1zvc9Uo=" Size="65561"/><Block Hash="5BfadHykdYC23GyAeaC/7cOjT1742tVzxlzS1SVUbnM=" Size="65561"/><Block Hash="OSGIxozoMqrZ1YZuQjp9FPXHfsy0ytQW1xzIrx3VHMs=" Size="65561"/><Block Hash="NFm2432xquts6K0N+NsIzofy2kY7fuoOEjeFPdMoawo=" Size="65311"/><Block Hash="gamps7K7aO0SMocA9H/0lAM9Whl3B7zR6BnB1YTiqm4=" Size="65561"/><Block Hash="Mjad3GB5Hs8ogWqxysiQ5j+IkKMQc7DsvwoZvxna3+g=" Size="65561"/><Block Hash="vlm1l0SGIy6B/4bBO3YRjw2bFRqPg4GyERfuV8EYKgs=" Size="65561"/><Block Hash="NoEoPlOg03KWImgcEkYskYDHoH4B+DDzHkui8thcSOA=" Size="65561"/><Block Hash="SY75uUdFf2sSrvnnE+41zh52056lLa3fVTuUQaowSUY=" Size="65561"/><Block Hash="AhzaAIdSdmB2JMsE5wIwwlE39CRrVvvyX3/mDWUIWLM=" Size="65561"/><Block Hash="OFtNM2TjwJshgUgtrY7UmrqyF06kE170LZPCE6fKKtA=" Size="65561"/><Block Hash="QKHOiFu+10B16v3u5AiOeZ4pCC9i4NGiK1Z0PnEsN6Q=" Size="65561"/><Block Hash="2YW4htzK5EBButLhAA/72SWdfHhQeQdIBxNsVcNb1hY=" Size="65561"/><Block Hash="yMFSspfymnOISwADG0FWLBnRb5YJvaBV/WYY2lxbFVw=" Size="65561"/><Block Hash="MypwaboXjIo30h+TwLJHmNu1ddqWqkUG+kkQnWsPj8k=" Size="64277"/><Block Hash="fBbtxamAGBGNISOYbzMbjNtDcSrWV3Gi0eBtbEvgB18=" Size="65561"/><Block Hash="8IeTQ6ezZZEtxi9ToRyVggyKtWpgfjHOun2RHjEZHt0=" Size="65486"/><Block Hash="jjXBa6SXmb+z9o/DUQGoLq5KHN1iy6PrGpUM+fXRGS4=" Size="65561"/><Block Hash="yY9lSUcerWQD+UWu3s658c3E48UflPwI8a+9MROXhOI=" Size="65561"/><Block Hash="Rqh8ERvvv1LgyUmmnvZr6fqL7SqXMXrD8PrMm27W9Qk=" Size="65163"/><Block Hash="5WUQnAJPCVuM+MiFusJndYkKfXEOCKxPVEkpIO7nluc=" Size="65533"/><Block Hash="MZc4XinDqDpTs/47bBgM/YLL3kcya6a8rsejKBWfwms=" Size="65561"/><Block Hash="MMcfs03uax2knCH1AC+n40LWp1FsSh8f3Ks1gMdo9p4=" Size="65561"/><Block Hash="tHrZCojAgjtEwn5kl1r+JXPFgze3hk2aALqx7RoJRTo=" Size="65561"/><Block Hash="YA4y8EtRsItm0l1BbIwBqvkLzc+VgVUxsvFQpq5DGMI=" Size="65410"/><Block Hash="fLUADMWWoyhICF0ZGxMFkCeb1lh0eh0vHtqL3YddptM=" Size="65561"/><Block Hash="Eaikqhlj6nvX4ezMcBYWRX+0bYKqtpVkgCOoenOIMco=" Size="64562"/><Block Hash="Wnj6mmg4CQg4m8mM1xZAA2iG+JJh0qmj78OnT98aHdM=" Size="64700"/><Block Hash="yvBWkk9u38Uu80Lme3W8jVbB2h1tysuv5WftysfBujc=" Size="63563"/><Block Hash="UiyqvIeuaHnK935bPLNAvYkisZ9FMmTWe0cpxOtECDY=" Size="56684"/><Block Hash="hBEJLpoonjFqZ35raf1LJc1yKEQpBOomgELCloQ+JCE=" Size="52672"/><Block Hash="G55JqrKCTsXQlKNDcf4yMN6yqh68lTHqfIlRzM22bGE=" Size="54891"/><Block Hash="WiHil9jr/u/P9SfWkuOIhrNWx9KwLt4SqH03F10oPjA=" Size="47279"/><Block Hash="JheYZBM+V0CWEDKJNnt7882N+HXrNFl4MX9lCnjhpdI=" Size="47174"/><Block Hash="xCXUpIIz/Zum6aR3SxGslwf2cpu9YY+vmSSNpKKAp/c=" Size="63453"/><Block Hash="BQNQJG1XKUj0nQx2OKZHMLdE6Dlr8NMuBPy5fvBWkh0=" Size="65558"/><Block Hash="U784Gi9BQ4e0qoPbcRT76lgk1P++iPTgV2fGnc9DCl8=" Size="65561"/><Block Hash="gig+Xwi3DMrIKhEAh53G8/pfOqo5QxqbUBprDcgIdWk=" Size="65561"/><Block Hash="BwuNVYQZYZvLXwCLogzTm7rTSDPTJ4qvOINL2OBiB3I=" Size="65561"/><Block Hash="Hym6/EcV6XsfEfleXmriMkf5nghvJM6s8GloBejLKyg=" Size="65561"/><Block Hash="c1iAiPLfzRkvC1VXs+R7vrlxKPWIgelEL2X0N3lHFn8=" Size="65561"/><Block Hash="1NHNU05FfJvVZ2F01nHVQZXGvobHNblg3VxyeIrYHwA=" Size="65561"/><Block Hash="6dRXV0TsuuaxZPoEd2VAolMgmvF7r2uik7pJONgMQIE=" Size="65561"/><Block Hash="V646I5ady5UrwjNavtBKSzmUFngoiSq8fCAiRjk4R70=" Size="65561"/><Block Hash="ScFNzXl1uPKCiZ0zbkSB/X7KvovCEJu2uvNi4lSiEHQ=" Size="65561"/><Block Hash="6O6JxQAVn0TnAq9WjJ2Qfa3sCo5BNV/J7RxSkrmUZxA=" Size="65561"/><Block Hash="uJcIugjw8CQ9MaoaxTYjwpDp4zbt1M8lFTNdoeSDZco=" Size="65561"/><Block Hash="X2m7I4rb6uTFMZXbgyoO+8o+vWEA4f5G7Ili0/fGTSo=" Size="65492"/><Block Hash="Zrl77vobLbc8AkOeGiyFsVygJWzg13xnvXKnoq2D4r0=" Size="64529"/><Block Hash="2WMNL0hjcYXc0Z+GvCOFj1EkWkUagej4U/JkofbnhYE=" Size="65463"/><Block Hash="UXooLIjyWovO14fnbYtAJBjmOHsAdLkCzW95JKyvqQ4=" Size="65561"/><Block Hash="9i+5o6oTDq++PTKGtccfaXvsdhp2UrkHg2/h1xZH/1U=" Size="65546"/><Block Hash="QpCfkgCBoqWfiLt0iWzyI/MG/H8QeEuxfFpiqyz2XeM=" Size="62844"/><Block Hash="wrLZ0HCXptb8KT5LpzgNJWqAPr+LLspFOPnr+AnAFvQ=" Size="65071"/><Block Hash="WsUBBhsase8f43jRZbCyBYmc8Wan+d0ZNdaZL0CE+UQ=" Size="65561"/><Block Hash="+UC8IqTRgi2bv15ZjysjUIbERcYL2hEbe+MRvxTOhiI=" Size="65561"/><Block Hash="+F842TZo0x3nUSmPLU+rXQSAZ75eusJpT+WVU9trIJw=" Size="65561"/><Block Hash="v3EAHYyKvQJVbTQ3aCQqXmOAeM88wJOpyiUNugvCYCE=" Size="65561"/><Block Hash="GzkQFn/XhyivR4oSROF2J0FHvsV1Dwxf3QwT+bi0n1k=" Size="65561"/><Block Hash="PCDRCUnjI8uvSTMlnQzkXSjo7L0AIOgdzjY9ZZYn+rI=" Size="65355"/><Block Hash="k8y2FzkywKvlP5xNSLSAj4lUgcEIapBf5QQc5rYShfk=" Size="65561"/><Block Hash="XHs5ElKnzQCwTyvuZKCnj1ZXiiewyAnnuzeQz8+KqLY=" Size="65561"/><Block Hash="29R0mUSHI5jtjWrl1JEhISkKFUl6/2AW33iRCzNP/T8=" Size="65561"/><Block Hash="ExDgf0CJT+7Wt2DxSNzJQOGbJlhDaDVswP9DtxTRGxw=" Size="65561"/><Block Hash="4auBIwjoDeB5tdDZpOfi6/OcR1ga6dif7MAeWXQo/ss=" Size="65561"/><Block Hash="nIHDbISx1cmi/u4UeG5MeKUs1/DVEqddAg2Nt76paaQ=" Size="65561"/><Block Hash="gg8BLosBl3Nn1+iINnjxYe/oGcaKQjpY/ixW4qT9qKc=" Size="65561"/><Block Hash="sa+bJ8IKAE+rwKhER5E5TBC6V5uvxCANP5rPkOJNunU=" Size="65561"/><Block Hash="2qQ5V7Ka/MzKI4kWrd/HEIwobbwneaE8OGMLKskCvZY=" Size="65561"/><Block Hash="gpiw++zXHEbYzjIuH9nlYBayQ3e+ugzrdtokHxMo6QE=" Size="65561"/><Block Hash="GNOYOuOznsf3sXG4J2nmhUL/+P3QzTc23NDz8wRS58s=" Size="65561"/><Block Hash="izIf9YAm/nWvhkgfXWWIgNeuF4TfxPN5fl6ZzLkEseo=" Size="65561"/><Block Hash="nTQeu+lu6cVdmAFroshJykMJQzJXtUHxqPdEwp9QS8o=" Size="65561"/><Block Hash="IQjcmjCQcimHVpDxJl0hdhCTh204EOg9ArW6R7C1+u0=" Size="65561"/><Block Hash="Q9jukwFWXp7ae33FSQCGGBU46fP6kueA20iJpzccycY=" Size="65561"/><Block Hash="e1PxO+s6qGNV01e+qhzXrzftR07qGAR+xWK3wQ2tIyo=" Size="65561"/><Block Hash="wJ7SsBs6OyKrtI2uAFgqVxhpxLd0wXwacdQjcwlO65A=" Size="65561"/><Block Hash="UBSkIvKT2P1fsinRLibYduHQceALQUpbL0yeBqhsHMU=" Size="65561"/><Block Hash="/DQpQ3m6wuw//Sn1RNrjYuFhiql177w860ALY9lIoSo=" Size="65561"/><Block Hash="sNmpcXRJ9CMFHRSiFsCHFpqyaynDQiGnUiykfGusy5A=" Size="65561"/><Block Hash="3QJcEaAHGrOEU7M/rwVQlI6nBMibtoP1lv6jxGLZW9g=" Size="65397"/><Block Hash="RgrYCeo9MhNAK2tD3Ok/KLoEsYUDqD9FgxABRbmlLhU=" Size="64159"/><Block Hash="0wAWeYndOyUP1ZZBx1SANVzeY7csr5RA/NwDJzvayZw=" Size="65561"/><Block Hash="YzHjVLJSQ321CpVxLP/eR2gcrkxE7H2OidXL+FA0LUg=" Size="65561"/><Block Hash="LZCx41iv2Ou3paphHNkKLucqrcisigRcIbN2K4Dzidk=" Size="65561"/><Block Hash="4So/lRAN4HEzS+R6Jlqf1XMCmANGeR0pa6eea6PWoFY=" Size="65561"/><Block Hash="8NZUTvniQJvlsze+GQbXrmDUXJupY7iTsGIVvrU9GOA=" Size="65561"/><Block Hash="SxBPMVePgZgaLgOEMbGzCOUWzEqrxR3kfNUzf/uKzS4=" Size="65561"/><Block Hash="VYp5HjGan/d92WySAU6vh5CfN42aI7aamvDc+Q+QiyY=" Size="65561"/><Block Hash="nD4gZS4VTdMd7uMcHRL4XyP9SZ9IujlY0N9uUDFsB28=" Size="65561"/><Block Hash="E4A6v+MkILVV+X5skWvJ98dAepejOuuHPxjzx2FYw70=" Size="65461"/><Block Hash="dwWQUemhMuD+JHQECWK0Ml1UoTb+w8LgxmoBUBOcLEo=" Size="65561"/><Block Hash="O7deHY3rqztvcSQvSYrn5pqIUtQqIMy2AaEjYFN4Y9g=" Size="65561"/><Block Hash="NkBHbEF0jYH4nZOxp4zOz+4jZrlzc+2DskQAYQcrueM=" Size="65561"/><Block Hash="1Y8P9HRVXCA1Zlcx/zvG8t2r/K95PvjYHwORyyETJyc=" Size="65561"/><Block Hash="qkbF3qGfon55iEqHPd7iKnuITu9HpCBXjRqOokK41ZM=" Size="65507"/><Block Hash="RfSn5GEJVg74WoMA3VryK+5ufnZJHCDp0ckDCwHIpqI=" Size="65561"/><Block Hash="nwuBG6UtSBfdfgeYJfzWYMNzD+Sum54+J5DrTGDZDbo=" Size="65561"/><Block Hash="bM6qdTi366bOc1IufNBRxAVLnNgkqgX1sWOn2fxyopc=" Size="65561"/><Block Hash="OVwSVzfmXRoanvDT+TOpk8m92GAM1nOfj2IuCsn0cJw=" Size="65561"/><Block Hash="E1HdHQL///6jBRdIUVxuL8nO/KbO1LhkKlB8eLbdCu0=" Size="65561"/><Block Hash="9MkZGQBTKe0hdxJU9PW5C2yaHE9Tqb8sfQqqVqjXBts=" Size="65561"/><Block Hash="IEJU7pgy/a9D7VwGLVE23suo192V61tDbrpUG0f3EM4=" Size="65561"/><Block Hash="CUy5oVsXv4u6+1UHmmpOE40w4e+/q/MB84Kc9zYl9nA=" Size="65561"/><Block Hash="QoUUyyanYoF+Z8uSYPzp1OEJsgjaJ25k1gR0wRgPKqo=" Size="65561"/><Block Hash="KPd6aTn7nXblt7wTmGn3rdYd30PxPKQLwRwxdKJWjgE=" Size="65550"/><Block Hash="UKohiLFKrMG9hbTyZ1xgq+54ZIorVx1IMdNZxcfMehY=" Size="65561"/><Block Hash="ks+Ze1TzTy5ETKY8Nq4mVSiQyROSrzsXRrO//AD7CYM=" Size="65561"/><Block Hash="CbHPUdpWPEeNqscfxgxCXNkqSk7QYc2WS72dujXfTZ8=" Size="65561"/><Block Hash="1c/4YPeO+GlYtgXWp3KP52ZoGbFdtzJqWVTQUgsbXbQ=" Size="65561"/><Block Hash="exLzSDQQHp+OyaDOAmBisqG63682UUmN54QW0XvaEAw=" Size="65498"/><Block Hash="GvBJe8K/kCxUUq25usu/OeyPiOL9U4D4NsAlRXRe1cg=" Size="65561"/><Block Hash="JX+7kV7l169GYr/PI2Nj3b9i8NuDXir6IkeoKBjdSgk=" Size="65561"/><Block Hash="eIG/P8WGR5hrQUgAsvIwb/EisUZxekWZGXDsx2cVTPQ=" Size="65526"/><Block Hash="ogCce/j1iU2OWLrxsfTceMGGcf8z7mS06D7YIM1lcA0=" Size="65561"/><Block Hash="ORPloQnQcm/g4SOfLRK3NgdA9+RtRoGEU3iERdwrwGQ=" Size="65538"/><Block Hash="wIr06QvPvxODdtIcCxAy8JeTTN+IlCJw74Nrobcjc5Y=" Size="65561"/><Block Hash="L3GDGbD2OiRh0kLmlG7A6Gv4/vMGI3bPsx5z5y08Okk=" Size="65561"/><Block Hash="ZkM/vBsXzIqVYlxkYXZ7Bukj06Sa4NzrVC2sdOXjObI=" Size="65561"/><Block Hash="8VdmMrOpJFUAolQztzWaG9FzlgYcoUqM8fTAbSJZsrM=" Size="65561"/><Block Hash="0287I43ElynKVPopYg89TBXadF8pswPG+Un+rYtqpM4=" Size="65518"/><Block Hash="g9qYqhlRCAeOPbXiImsiIG5NX4CNDNsk9MR00nkX9I0=" Size="65561"/><Block Hash="w/3bMUWNs9vLOg/uhOtWRLfT0mOe90OYIkkBGH1avIY=" Size="65535"/><Block Hash="mSDwkyAR5cIf0NJ9M4Pj5vTgMXGlVkSHCNKSjq5gKiQ=" Size="65561"/><Block Hash="33cqvClR9DXSxYDdpfgc0Bf2rkBHiWmKJqJbWO/ElVA=" Size="65561"/><Block Hash="WiZBYPcbtnzOYWRFVqacFtpYjMr5hQw6o5aBpX9l7ss=" Size="65561"/><Block Hash="DrTyV+GlhdS7V4ubgn6HCid/jpyv/ymG14TL368nKJk=" Size="65561"/><Block Hash="i1lCAUafOoKjypNJ7tuKb6IX1WGSKCctCJ2hFI3x198=" Size="65561"/><Block Hash="rkAjqxJ8YaA4vD9GMAZTIrnzDhuDwJpSPy8N280EF74=" Size="65561"/><Block Hash="zgVeAjrpoNzSd7oV7F+v1nFM/P1wV7+MVJ9kfV34bUw=" Size="65561"/><Block Hash="rRv0GBG4i49mvPWeyeaJs1rQ2hYmmxFYAEAIL2JVVas=" Size="65561"/><Block Hash="4GaI2XtJbHopokCogb0bar7SWOeurrs5IAIJbpbu6mo=" Size="65561"/><Block Hash="i5kfDsm+KN2+cIgm6ho4T2CaCLTCd3bfH1jWgrtqRX4=" Size="65561"/><Block Hash="C4up3aPoYPjxVQSszlPeGV3yxS/7Vhq2moR8GYKJKro=" Size="65561"/><Block Hash="ihVcXSejepEsahCzqZfuTc94kQadcIZr5VinX2UEZCI=" Size="65561"/><Block Hash="IHxKvRdoQuTksJlCWTFjJmote3TK51fJ+2g6hVlpKaY=" Size="65561"/><Block Hash="CkDxBVbhbjijRn0SYzFUKF/X9ro4OWg8yArg9I53D2w=" Size="65548"/><Block Hash="ipmL9hOGyEJF9y1kbXYa1F4tPzZRMjv00CgAdD0yUSU=" Size="65561"/><Block Hash="reEWwPg5/yBLBFTs+5WC8ZIa3tfxq8NU+M7CZbtyB9M=" Size="65561"/><Block Hash="wmJ8bPAe7j7O8Yh1sOkslmAAvdb2ixx3arp7yd5CELw=" Size="65561"/><Block Hash="SImCT53mqSFe0XSJ1gYaH+awqbnhK/cpXfe2hK9fSl8=" Size="65561"/><Block Hash="mYGcw+o4EydPUfNeTmqeuAZ40ef25ks5uXlgiKw9v/0=" Size="65561"/><Block Hash="tpkR7kRaYykxQbK7ixekwBW0lXNdfNHQisu8t8ZQVmc=" Size="65561"/><Block Hash="fziJ6xnWXyALtszOCMhB33GYRQKBlAOlqPaBxR+RZW8=" Size="65561"/><Block Hash="YJ2xiN1jpYzQQDWeudz8RVA4rQuFsn7J+ck+crlZu9A=" Size="65561"/><Block Hash="gIPorxN/mrE2ho7F/UVru9KqoAEAvLg2VtxFz7HTflQ=" Size="65561"/><Block Hash="qalAycqWLWT/aXD3mvRhywEUqlqKMdRAH+DLmH97sXM=" Size="65561"/><Block Hash="XJq7/sZSZsYFRYa5RP6GvJ4wTkZzoIlpJh/yxE3oq2s=" Size="65561"/><Block Hash="j2itWhfWGJDv/sOPMBV9i9fHKutsB++0e12WPiowEpw=" Size="65561"/><Block Hash="j/LYtUBPxKZUELrcso5xjXu+YJgYe9HbXJm0lUNyASM=" Size="65561"/><Block Hash="BedY2+R1RxqXnjVL9X9hyCc+jKUCdpfGFjCf+jTaukc=" Size="65561"/><Block Hash="POKUqwmWsuUIPtthHUPog7rTLWQxxQonO5gndqI0SK8=" Size="65561"/><Block Hash="8fJBlZbgAsU03ETAZ3uJJKy603/4vbzhn4o+JHTWkjA=" Size="65561"/><Block Hash="CfhfKW/NIk/Vxjihe8PklUA4roLzSYtr+wpb1jp0zeU=" Size="65561"/><Block Hash="JHViWE+b/9AQoEGyIn6Q5bONBLp/SzTlc7mJ7s692vE=" Size="65561"/><Block Hash="X9qPcpChlzssge3Y1sLI9iueBU7gllg0ZySmzjA9aOg=" Size="65561"/><Block Hash="CoGs/iPBsxyljaWr1mPyGxNzFiiNRtjT+vMJJMxdc3U=" Size="65561"/><Block Hash="K1yh5l+o/FkFo2RErfv1ldSJkcHYDmT7lmqcF7NcZww=" Size="65561"/><Block Hash="jUAadxpFCye+iIKx9yaTjvLhjzBiZvo9ZeupqhFZtgU=" Size="65561"/><Block Hash="Ex5W4NWt5T3K8RyRbXS20IaK3HY3h6sh6SsHCGL0jdc=" Size="65561"/><Block Hash="N/MsPbr9jWWe2YHWGRtdimp7vvDFINwf6lHzCpNrxV4=" Size="65561"/><Block Hash="6uzaCRzvltTRNLgPHqHXQHcrjTKFypLfM5521/brjPg=" Size="65561"/><Block Hash="DlQ2mBwjVFDbq7FZSbdRT8uh+2NCX65K01flG6JxSI0=" Size="65530"/><Block Hash="D3kEMVPBi/luo/Tl2Y1wJZ/fYlCgKWzjatmSPs0wJi0=" Size="65561"/><Block Hash="4yeWuKCsKEh3Xnmv+iAfmIB7q4XkZseH3IbFsZImeGU=" Size="65520"/><Block Hash="WHmQDZyaCXumlJD/m211fnTKEcj63PDggCPmRgx/Wms=" Size="65561"/><Block Hash="rAqNgV1b7VkFJ//sLNIF76sBeJ4+PyAv3UDb7fVnZho=" Size="65561"/><Block Hash="AeVGaxPjRtcaKZqeZpOS7eLF5l3r/lzHlClMBtuJNYs=" Size="65561"/><Block Hash="vP4icyv54kqBrcWrx0Ah8HR/hn8Q/ng1TSw0iJTh/PQ=" Size="65561"/><Block Hash="qG5H4xKg3GQk2G+4XgoUXY+yD/nnE++UCr+6q0ne4e4=" Size="65561"/><Block Hash="PECLcclmUdMwVGcEoMZ2AnYf0AWkdaPwkDpR6ppjvHY=" Size="65561"/><Block Hash="Rh8IB6Qrb6c1CPCSB1x/45akf5810zcQTzQkYS7BRi0=" Size="65561"/><Block Hash="idi38wBZunEqM99g2pFpudXq+JMV8rVTI6+7YoXw3v0=" Size="65561"/><Block Hash="bqxTsjF3vQEDYp0XqGuUhZqemY9UgksvObbcn0LD690=" Size="65546"/><Block Hash="Ecrb4Yap+HXpfd5VaC77jLep0wmYSfthMRgHY7bCfeg=" Size="65561"/><Block Hash="WZJ4ucr6U4NwcJzvwxBMByz8dzRaPgvpBLpbMZdt7mQ=" Size="65561"/><Block Hash="nW44AUIMjp3HPql0N1tT4SJvO8/L8CCJZQ+8Ei+fnY0=" Size="65561"/><Block Hash="6sVD49YC1iev5dscaillmE+Pcl2F26F1M/f17qW0sb4=" Size="65561"/><Block Hash="ofg1n3/zqTtwaheFITkBINEq8U7OU2ZIxVfJzu7agtI=" Size="53382"/><Block Hash="PLb+O/4uSW6LaW22WnXopA+5Fm4sOvU0gXChdmzabGg=" Size="55674"/><Block Hash="2XhSTUNUnBiZYw7S7GyHKPwx6HCafDpHeWtLJHnhZNI=" Size="65537"/><Block Hash="wtVKydOskW5J9z6rstxhgGC+xKM9Vgqm9hB8in2Yy7w=" Size="65561"/><Block Hash="MQ31ERcCfDGlb0ho0tdD9yySHWZsuhf1LWpWJCXqKYY=" Size="65561"/><Block Hash="Bj6AQxf0itAJRAesB3DK71Anc2wwZCH89Am1MXQUUsY=" Size="65518"/><Block Hash="hmB1ny0J5CJviONgQg4iBJ5qp5ZtHBiMo9vrQJvYuPU=" Size="65550"/><Block Hash="pwEnJvt8i0y5pk/gggWN+1b5wMQvSfRVOw17vbp0Vew=" Size="65547"/><Block Hash="GRZCeFovrRjPr3SJAQaS0Yj4AdKVWXwHAbkq5uh5fMo=" Size="65181"/><Block Hash="9gJMlvJ6/a+P+aP8eSdArEIlnPkmnL/dYxvrFqcROSE=" Size="65526"/><Block Hash="Gi+ic5cwKdkLUZvmhV8ZQAZN4nwzJ33PLx4qblGSrvY=" Size="65059"/><Block Hash="KbQfnO4RMZB2KaIMKQYeE9Nls4P67Eg6SkTrRMlQ+1s=" Size="65561"/><Block Hash="XayYV0iz1AB+vcTtIWOsk3ZjEcoldrfyU7omYuQPi2A=" Size="65561"/><Block Hash="ktW1XFKdFrhFrHG7j88SQcBt97oZ1einK/cY5vEEazU=" Size="65561"/><Block Hash="Gq45D9PN5WXLWrZ/bFhRZXJIEYuMZBc/LJSCiG6gano=" Size="65561"/><Block Hash="XVs2ZaEJ01iJiluETZAfLAgQYFkJN4GgUmSXTPWG2a8=" Size="65561"/><Block Hash="vRP52FVs26+6JqdscMxgjaN3odluHXyBQGzyyuNqXXg=" Size="65230"/><Block Hash="nEQ7auxRzRvSVNNuuzq8GbbV7VCEAU20Vhm/do9reJE=" Size="65561"/><Block Hash="pqk7fSJhNLhIpk/2fX4clE8HNAYzDdeqd5YctGgzSH4=" Size="65561"/><Block Hash="Xwmfr4KH8rnXH2E4S+pjwl00jVgNtshGyTIbuj6kG+M=" Size="65561"/><Block Hash="9yl7a034oT+3YW1Mxo63QpLLj3cWHI7st1pNxjXzv+o=" Size="65561"/><Block Hash="gUH7O2456Oq6AgnGZ/+PaKr1t35gT+NAFlu/ZFO4nQo=" Size="65561"/><Block Hash="Kb1EnBXe0T3TeOptA+aChWlyo/1A8W/ckDulnWLazYk=" Size="65561"/><Block Hash="R+Vhqk57O/6CoZd14F2s6K4RF48dU5K3Pb5wnz6SuPg=" Size="65561"/><Block Hash="+NHKwYthhhOUhtgC0YKD5o44DYrgxclJKlNE20nMR7g=" Size="65561"/><Block Hash="Mv5TaaISJOHDLL34IOrrda0UQqM0vhWwbCbO1f12dMI=" Size="65522"/><Block Hash="pq4dSjzN4KLvPMzUtjWHnKfd9txNjLKTeN8gD4CC99k=" Size="65561"/><Block Hash="qQ1s3ET7g0LLpr/59Zg+koOoXOXSj8CQCITJTtRX+mg=" Size="65561"/><Block Hash="j1e0k1HKkZsQy6zMUh98NK6ziqX9GNJg/O24ppAocEM=" Size="65561"/><Block Hash="RKBwqZM6iaFyewu0p5IX86HdWRpCq7CFYbVWTbzIzig=" Size="50516"/><Block Hash="RLo8prQft8NLI6g1eskZwp+W+Qxg0pIO20DW51+JWA8=" Size="17351"/><b4:FileHash Hash="vQRsPfeXP+v6t+vfYemfjdj1ehBymCeDus8dBxugOlQ="/></File><File Name="AppxManifest.xml" Size="1830" LfhSize="46"><Block Hash="sLVQj7Kd97JCyBVqS0tsZRlZ+V1A/kykTvaCUvEXP08=" Size="765"/></File></BlockMap>